,ID,Name,Age,Nationality,Overall,Potential,Club,Value,Wage,Special,Preferred Foot,International Reputation,Weak Foot,Skill Moves,Work Rate,Body Type,Real Face,Position,Jersey Number,Joined,Loaned From,Contract Valid Until,Height,Weight
226,235243,M. de Ligt,18,Netherlands,82,91,Ajax,€27M,€11K,1937,Right,2,4,2,Medium/ Medium,Normal,Yes,RCB,3,24-Oct-16,,2021,6'2,196lbs
1004,233049,J. Sancho,18,England,77,89,Borussia Dortmund,€14.5M,€22K,1785,Right,1,3,5,Medium/ Medium,Lean,No,RM,7,31-Aug-17,,2022,5'11,168lbs
1143,238794,Vinícius Júnior,17,Brazil,77,92,Real Madrid,€17.5M,€66K,1849,Right,1,4,5,High/ Medium,Lean,No,LW,28,12-Jul-18,,2025,5'9,161lbs
1800,235883,R. Sessegnon,18,England,75,88,Fulham,€12M,€27K,1933,Left,1,3,4,High/ Medium,Lean,Yes,LM,3,9-Aug-16,,2020,5'10,154lbs
2640,241168,G. Chakvetadze,18,Georgia,73,86,KAA Gent,€7M,€10K,1809,Right,1,3,3,Medium/ Medium,Lean,No,LM,7,30-Aug-17,,2020,5'10,165lbs
2725,241461,Ferrán Torres,18,Spain,73,86,Valencia CF,€7M,€12K,1704,Right,1,4,3,High/ Medium,Lean,No,RM,20,1-Jul-17,,2021,5'11,159lbs
2903,237692,P. Foden,18,England,73,88,Manchester City,€8M,€36K,1835,Left,1,3,3,Medium/ Medium,Lean,Yes,CAM,47,1-Jul-16,,2024,5'7,130lbs
3252,242444,João Félix,18,Portugal,72,88,SL Benfica,€6.5M,€5K,1860,Right,1,3,4,High/ Low,Lean,No,LW,79,29-Sep-16,,2023,5'11,154lbs
3418,236610,M. Kean,18,Italy,72,87,Juventus,€6.5M,€32K,1672,Right,1,3,3,High/ Medium,Lean,No,ST,18,1-Aug-16,,2020,6'0,174lbs
3562,246386,B. Méndez,18,Uruguay,72,82,,€ 0,€ 0,1551,Right,1,3,2,Medium/ Medium,Stocky,No,RCB,3,,,,5'10,170lbs
3618,239744,M. Cuisance,18,France,72,85,Borussia Mönchengladbach,€5.5M,€9K,1928,Left,1,3,4,Medium/ Medium,Normal,No,CM,27,1-Jul-17,,2023,5'11,161lbs
3685,235673,D. Maresic,18,Austria,72,84,SK Sturm Graz,€4.5M,€6K,1586,Right,1,4,2,Medium/ Medium,Lean,No,LCB,35,1-Jul-16,,2020,6'0,163lbs
3692,234396,A. Davies,17,Canada,72,87,Vancouver Whitecaps FC,€6M,€3K,1889,Left,1,4,4,High/ High,Lean,Yes,RM,20,15-Jul-16,,2018,5'11,159lbs
3776,236987,B. Kamara,18,France,72,88,Olympique de Marseille,€6M,€11K,1759,Right,1,3,3,Medium/ Medium,Lean,No,CB,4,1-Jul-17,,2020,5'10,150lbs
4272,239970,Paulinho,17,Brazil,71,86,Bayer 04 Leverkusen,€4.7M,€15K,1788,Right,1,2,4,Medium/ Medium,Normal,No,RM,7,1-Jul-18,,2023,5'10,170lbs
4319,236403,E. N'Dicka,18,France,71,83,Eintracht Frankfurt,€3.4M,€8K,1659,Left,1,3,2,Medium/ Medium,Normal,No,LCB,2,5-Jul-18,,2023,6'4,176lbs
4849,231448,R. Nelson,18,England,70,85,TSG 1899 Hoffenheim,€3.7M,€25K,1676,Right,1,4,4,High/ Medium,Lean,No,RW,9,,Arsenal,30-Jun-19,5'9,157lbs
5007,243780,Kangin Lee,17,Korea Republic,70,88,Valencia CF,€3.5M,€8K,1717,Left,1,3,4,High/ Low,Lean,No,CAM,34,1-Jan-18,,2022,5'8,134lbs
5121,240740,C. Hudson-Odoi,17,England,70,87,Chelsea,€3.5M,€25K,1720,Right,1,3,4,High/ Medium,Lean,No,LW,20,5-Jul-17,,2020,5'10,165lbs
5350,237995,D. Lainez,18,Mexico,70,82,Club América,€2.9M,€14K,1804,Left,1,3,3,High/ Medium,Lean,No,RM,20,1-Jan-17,,2020,5'6,128lbs
5407,241852,M. Diaby,18,France,70,85,Paris Saint-Germain,€3.7M,€19K,1709,Left,1,2,3,Medium/ Low,Lean,No,RW,27,1-Jul-18,,2020,5'7,143lbs
5415,241854,P. Schuurs,18,Netherlands,70,82,Ajax,€2.6M,€4K,1781,Right,1,3,2,Medium/ Medium,Normal,No,CB,27,1-Jan-18,,2022,6'4,174lbs
5512,238041,T. Malacia,18,Netherlands,70,80,Feyenoord,€2.2M,€3K,1768,Left,1,3,3,High/ High,Normal,No,LB,15,2-Dec-15,,2023,5'7,148lbs
5560,241637,A. Tchouaméni,18,France,70,84,FC Girondins de Bordeaux,€3.6M,€10K,1811,Right,1,3,3,Medium/ Medium,Lean,No,CM,17,1-Jul-18,,2022,6'1,168lbs
5575,236522,E. Brignola,18,Italy,70,84,Sassuolo,€3.7M,€12K,1627,Left,1,3,3,Medium/ Medium,Normal,No,CAM,99,2-Aug-18,,2023,5'6,159lbs
5585,241390,E. Elmas,18,FYR Macedonia,70,83,Fenerbahçe SK,€3.1M,€15K,1854,Right,1,4,3,Medium/ Medium,Lean,No,LDM,99,28-Jul-17,,2020,6'0,163lbs
5586,244206,N. Pérez,18,Argentina,70,84,Argentinos Juniors,€3.3M,€9K,1394,Right,1,3,2,Medium/ Medium,Lean,No,CB,6,,Atlético Madrid,30-Jun-19,6'1,168lbs
5652,233731,A. Isak,18,Sweden,69,83,Borussia Dortmund,€2.2M,€11K,1593,Right,1,3,3,Medium/ Medium,Lean,No,ST,14,23-Jan-17,,2022,6'3,163lbs
5751,236830,Z. Youssouf,18,France,69,81,FC Girondins de Bordeaux,€1.7M,€8K,1845,Left,1,3,3,Medium/ Medium,Stocky,No,CM,28,10-Oct-17,,2020,6'0,179lbs
5953,241496,T. Weah,18,United States,69,85,Paris Saint-Germain,€2.2M,€16K,1691,Right,1,3,3,High/ Medium,Lean,Yes,LM,11,1-Jul-18,,2020,6'1,146lbs
6032,239981,J. Arp,18,Germany,69,88,Hamburger SV,€2.2M,€4K,1547,Right,1,3,3,Medium/ Medium,Lean,No,ST,15,1-Jul-17,,2020,6'0,172lbs
6076,243576,Pedro Porro,18,Spain,69,82,Girona FC,€1.6M,€5K,1814,Right,1,3,3,High/ Medium,Lean,No,RWB,29,1-Jul-17,,2023,5'9,154lbs
6102,242816,Riqui Puig,18,Spain,69,89,FC Barcelona,€2.1M,€24K,1746,Right,1,3,3,Medium/ Low,Lean,No,CM,28,1-Jul-18,,2021,5'7,123lbs
6559,231410,Brahim Díaz,18,Spain,69,86,Manchester City,€2.2M,€24K,1628,Right,1,5,4,Medium/ Medium,Normal,Yes,LW,55,31-Aug-16,,2019,5'7,150lbs
7217,241811,Sergio Gómez,17,Spain,68,87,Borussia Dortmund,€1.8M,€8K,1706,Left,1,3,3,Medium/ Medium,Lean,No,CAM,17,31-Jan-18,,2021,5'7,150lbs
7320,234925,K. Pierie,17,Netherlands,68,80,SC Heerenveen,€1.2M,€2K,1657,Left,1,3,3,Medium/ Medium,Lean,No,LCB,5,1-Jul-16,,2020,6'0,165lbs
7322,243630,J. David,18,Canada,68,85,KAA Gent,€1.9M,€5K,1525,Right,1,4,3,Medium/ Medium,Normal,No,ST,19,24-Apr-17,,2022,5'10,170lbs
7367,240060,M. Aarons,18,England,68,84,Norwich City,€1.6M,€4K,1695,Right,1,3,3,High/ Medium,Normal,No,RB,37,1-Jul-17,,2023,5'9,152lbs
7396,243907,D. Koita,18,France,68,80,En Avant de Guingamp,€1.3M,€4K,1631,Right,1,3,2,Medium/ Medium,Lean,No,CB,4,1-Jul-18,,2021,6'0,163lbs
7414,241096,S. Tonali,18,Italy,68,89,Brescia,€1.8M,€1K,1824,Right,1,4,3,Medium/ Medium,Normal,No,CDM,4,1-Jul-17,,2021,5'11,154lbs
7444,241103,Z. Vanheusden,18,Belgium,68,82,Standard de Liège,€1.7M,€8K,1567,Right,1,3,2,Medium/ Medium,Lean,No,CB,3,,Inter,30-Jun-19,6'1,181lbs
7474,236248,B. Woodburn,18,Wales,68,85,Sheffield United,€1.8M,€15K,1600,Right,1,4,3,High/ Medium,Normal,Yes,CAM,19,,Liverpool,30-Jun-19,5'9,159lbs
7566,239085,E. Håland,17,Norway,68,85,Molde FK,€1.8M,€2K,1676,Left,1,3,3,High/ High,Normal,No,ST,30,1-Feb-17,,2019,6'4,192lbs
7620,238074,R. James,18,England,68,84,Wigan Athletic,€1.6M,€8K,1797,Right,1,3,3,Medium/ Medium,Stocky,No,RB,12,3-Mar-17,,2022,5'11,181lbs
7758,238873,P. Pellegri,17,Italy,67,88,AS Monaco,€1.7M,€11K,1497,Right,1,2,3,High/ Medium,Normal,No,ST,23,27-Jan-18,,2022,6'2,176lbs
7772,241947,F. Amuzu,18,Belgium,67,81,RSC Anderlecht,€1.6M,€3K,1694,Right,1,5,4,High/ Medium,Normal,No,LF,40,23-Nov-17,,2019,5'7,143lbs
8079,237407,C. Durkin,18,United States,67,84,DC United,€1.4M,€1K,1683,Right,1,3,2,Medium/ Medium,Normal,No,CDM,21,14-Jun-16,,2019,6'0,165lbs
8145,240753,A. Gouiri,18,France,67,86,Olympique Lyonnais,€1.6M,€10K,1563,Right,1,3,3,High/ Medium,Normal,No,ST,19,1-Jul-17,,2021,6'0,176lbs
8182,243834,L. Ili?,18,Serbia,67,79,NAC Breda,€1.3M,€15K,1665,Left,1,2,4,Medium/ Medium,Lean,No,CAM,40,,Manchester City,30-Jun-19,6'0,161lbs
8191,240507,A. Gomes,17,England,67,87,Manchester United,€1.5M,€15K,1722,Right,1,4,4,Medium/ Medium,Lean,Yes,CAM,47,1-Jul-16,,2021,5'3,134lbs
8279,235152,F. Kadioglu,18,Netherlands,67,79,Fenerbahçe SK,€1.3M,€9K,1673,Right,1,3,3,Medium/ Medium,Lean,No,CAM,71,14-Jul-18,,2022,5'8,141lbs
8289,239250,Abel Ruiz,18,Spain,67,83,FC Barcelona,€1.6M,€21K,1561,Right,1,3,3,Medium/ Medium,Normal,No,ST,29,1-Jul-17,,2021,6'0,161lbs
8502,244675,Sancet,18,Spain,67,82,Athletic Club de Bilbao,€1.6M,€4K,1685,Right,1,3,3,Medium/ Medium,Lean,No,CM,34,1-Jul-17,,2022,6'2,161lbs
8592,230872,M. Svilar,18,Belgium,67,84,SL Benfica,€1.3M,€1K,1251,Right,1,3,1,Medium/ Medium,Normal,No,GK,1,28-Aug-17,,2022,6'2,179lbs
8700,236015,M. Gibbs-White,18,England,67,86,Wolverhampton Wanderers,€1.6M,€10K,1693,Right,1,2,4,Medium/ Medium,Normal,Yes,CM,17,7-Jan-17,,2022,5'10,154lbs
8794,230918,T. Chalobah,18,England,66,81,Ipswich Town,€1.2M,€1K,1628,Right,1,3,3,Medium/ Medium,Normal,Yes,LDM,6,29-Jun-16,,2021,6'3,165lbs
8857,240915,Miranda,18,Spain,66,81,FC Barcelona,€1.2M,€12K,1626,Left,1,3,2,Medium/ Medium,Lean,No,LB,27,1-Jul-18,,2021,6'1,168lbs
8900,236572,O. Wijndal,18,Netherlands,66,80,AZ Alkmaar,€1.2M,€2K,1670,Left,1,2,3,Medium/ Medium,Lean,No,LB,15,1-Jul-16,,2023,5'9,143lbs
8907,244509,D. Jastrzembski,18,Germany,66,84,Hertha BSC,€1.3M,€4K,1632,Left,1,3,3,High/ Medium,Normal,No,LW,32,1-Jul-18,,2020,5'9,170lbs
8965,240683,L. Reis,18,Netherlands,66,79,FC Groningen,€1.1M,€1K,1793,Right,1,3,3,Medium/ Medium,Lean,No,RDM,6,28-Jun-17,,2021,5'10,165lbs
8966,245035,C. Gomes,17,France,66,84,Manchester City,€1.1M,€10K,1760,Right,1,3,2,Medium/ High,Lean,No,CDM,81,23-Jul-18,,2023,5'11,154lbs
8976,240685,T. van de Looi,18,Netherlands,66,78,FC Groningen,€1.1M,€1K,1686,Right,1,3,3,Medium/ Medium,Lean,No,CM,36,14-Aug-17,,2021,5'11,165lbs
9098,245065,D. Palacios,18,Ecuador,66,75,Willem II,€775K,€1K,1600,Left,1,2,3,Medium/ Medium,Normal,No,LB,5,2-Feb-16,,2020,5'7,148lbs
9142,234577,Diogo Costa,18,Portugal,66,82,FC Porto,€1.1M,€1K,990,Right,1,2,1,Medium/ Medium,Normal,No,GK,31,1-Jul-16,,2022,6'2,179lbs
9143,240209,G. Koyalipou,18,France,66,79,Chamois Niortais Football Club,€1.2M,€1K,1685,Right,1,3,3,Medium/ Low,Normal,No,RM,8,1-Dec-17,,2021,6'0,168lbs
9158,239956,M. Boadu,17,Netherlands,66,85,AZ Alkmaar,€1.3M,€3K,1592,Right,1,4,3,High/ Medium,Normal,No,ST,21,1-Jul-17,,2021,5'11,143lbs
9187,236378,A. Plizzari,18,Italy,66,84,Milan,€1.1M,€4K,1075,Right,1,1,1,Medium/ Medium,Lean,No,GK,35,1-Jul-16,,2019,6'2,161lbs
9437,244884,M. Pellegrini,18,Argentina,66,83,Estudiantes de La Plata,€1.3M,€2K,1690,Left,1,3,3,Medium/ High,Normal,No,LM,8,23-Jul-18,,2020,5'9,152lbs
9476,239259,R. Bushiri,18,Belgium,66,82,KAS Eupen,€1.2M,€2K,1382,Right,1,3,2,Medium/ Medium,Stocky,No,CB,25,,KV Oostende,30-Jun-19,6'2,201lbs
9485,244892,S. Diop,18,France,66,87,AS Monaco,€1.5M,€8K,1602,Right,1,3,3,Medium/ Low,Lean,No,CAM,36,1-Jul-18,,2021,5'5,121lbs
9617,242619,C. Doucouré,18,Mali,66,80,Racing Club de Lens,€1.2M,€1K,1705,Right,1,3,3,Medium/ Medium,Normal,No,LDM,28,1-Jul-18,,2021,5'11,161lbs
9648,235714,M. Domínguez,18,Mexico,66,75,Cruz Azul,€925K,€6K,1671,Left,1,3,3,High/ Medium,Normal,No,LM,14,,Monterrey,31-May-19,5'3,128lbs
9712,245459,X. Emmers,18,Belgium,66,78,US Cremonese,€1.1M,€7K,1693,Right,1,4,3,High/ Medium,Lean,No,CM,27,,Inter,30-Jun-19,5'10,159lbs
9752,240859,Berrocal,18,Spain,66,80,Sevilla FC,€1.2M,€2K,1554,Right,1,2,2,Low/ Medium,Normal,No,CB,37,1-Jul-17,,2022,6'0,159lbs
9757,240860,José Lara,18,Spain,66,81,Sevilla FC,€1.3M,€2K,1594,Left,1,3,2,Medium/ Low,Normal,No,RM,36,1-Dec-17,,2019,5'6,132lbs
9824,244973,M. Ruiz,17,Mexico,66,79,Querétaro,€1.1M,€2K,1716,Right,1,4,3,High/ Medium,Lean,No,LCM,96,1-Jan-18,,2021,5'10,163lbs
9863,238067,N. Zaniolo,18,Italy,66,84,Roma,€1.3M,€7K,1651,Left,1,3,3,High/ Medium,Lean,No,CAM,22,1-Jul-18,,2023,6'3,174lbs
9935,235266,C. Früchtl,18,Germany,65,86,FC Bayern München,€1M,€3K,908,Left,1,2,1,Medium/ Medium,Normal,No,GK,36,20-Apr-17,,2020,6'4,157lbs
9953,244230,A. Dobos,18,Hungary,65,79,Fortuna Sittard,€1.1M,€1K,1577,Left,1,2,3,High/ Low,Lean,No,CAM,21,5-Jul-18,,2022,5'9,154lbs
9962,239368,M. Bakker,18,Netherlands,65,79,Ajax,€1M,€2K,1669,Left,1,3,3,High/ Medium,Normal,No,LB,35,1-Jul-16,,2019,6'0,159lbs
9963,241928,A. Sambi Lokonga,18,Belgium,65,81,RSC Anderlecht,€1.1M,€2K,1667,Right,1,3,3,Medium/ Medium,Lean,No,RCM,48,10-Nov-17,,2020,6'0,154lbs
10039,241689,R. Massimo,17,Germany,65,82,DSC Arminia Bielefeld,€1.1M,€4K,1587,Right,1,5,3,Medium/ Medium,Normal,No,RM,22,,VfB Stuttgart,30-Jun-20,6'1,165lbs
10057,246045,P. De la Vega,17,Argentina,65,82,Club Atlético Lanús,€1.1M,€3K,1538,Right,1,3,3,High/ Medium,Normal,No,LW,39,14-Sep-18,,2021,5'10,154lbs
10087,233510,T. Chong,18,Netherlands,65,85,Manchester United,€1.1M,€13K,1733,Left,1,4,4,High/ High,Lean,Yes,RW,44,1-Jul-17,,2019,6'0,154lbs
10137,243249,J. Ekkelenkamp,18,Netherlands,65,78,Ajax,€950K,€2K,1729,Right,1,3,3,Medium/ Medium,Normal,No,CM,40,19-Dec-17,,2021,6'0,165lbs
10220,240453,S. Niakaté,18,France,65,81,Valenciennes FC,€1M,€2K,1458,Left,1,3,2,Medium/ Medium,Normal,No,CB,4,,En Avant de Guingamp,30-Jun-19,6'0,168lbs
10240,240969,J. Carranza,18,Argentina,65,83,Club Atlético Banfield,€1.1M,€2K,1564,Right,1,3,3,High/ High,Lean,No,ST,21,6-Jan-17,,2022,6'0,165lbs
10343,241508,M. Damsgaard,17,Denmark,65,79,FC Nordsjælland,€1.1M,€2K,1686,Right,1,2,4,Medium/ Medium,Lean,No,RCM,27,26-Nov-17,,2022,5'11,143lbs
10361,242280,L. Ferguson,18,Scotland,65,81,Aberdeen,€1.1M,€1K,1763,Right,1,3,3,Medium/ Medium,Normal,No,CAM,19,1-Jul-18,,2021,5'11,165lbs
10432,243580,I. Openda,18,Belgium,65,81,Club Brugge KV,€1.1M,€3K,1508,Right,1,3,2,Medium/ Low,Normal,No,ST,80,1-Jul-16,,2022,5'9,165lbs
10501,237708,M. Sylla,18,France,65,84,AS Monaco,€1.1M,€8K,1543,Right,1,3,3,High/ Medium,Lean,No,ST,34,1-Jul-18,,2020,5'11,154lbs
10523,240017,A. Skov Olsen,18,Denmark,65,79,FC Nordsjælland,€1.1M,€2K,1613,Left,1,3,3,Medium/ Low,Normal,No,RW,21,1-Jul-17,,2020,5'11,154lbs
10539,245396,V. Supriaga,18,Ukraine,65,84,Dynamo Kyiv,€1.1M,€1K,1452,Right,1,3,3,Medium/ Medium,Lean,No,ST,89,10-Aug-18,,2023,6'0,165lbs
10620,243627,Y. Adli,17,France,65,84,Paris Saint-Germain,€1.1M,€7K,1721,Right,1,3,3,High/ Medium,Lean,No,CM,29,1-Jul-18,,2021,6'1,172lbs
10666,243384,C. Munder,18,Cuba,65,76,Universidad Católica,€850K,€2K,1578,Right,1,3,3,Medium/ Medium,Lean,No,LW,27,1-Jan-18,,2021,5'5,126lbs
10777,237522,Jorge Cuenca,18,Spain,65,78,FC Barcelona,€850K,€11K,1506,Left,1,3,2,Medium/ Medium,Normal,No,CB,33,1-Jul-17,,2019,6'2,168lbs
10801,235735,E. Ampadu,17,Wales,65,86,Chelsea,€1.1M,€8K,1514,Right,1,3,2,Medium/ Medium,Lean,Yes,LDM,15,1-Jul-17,,2023,6'0,159lbs
10856,236772,D. Szoboszlai,17,Hungary,65,83,FC Red Bull Salzburg,€1.1M,€4K,1719,Right,1,4,3,Medium/ Low,Lean,No,CAM,14,16-Jan-18,,2021,6'1,154lbs
11105,238617,G. Ruggiero,18,Italy,64,80,Palermo,€850K,€1K,1722,Right,1,3,2,Medium/ High,Stocky,No,CDM,99,1-Jul-16,,2020,5'10,172lbs
11111,244762,L. Diaby Fadiga,17,France,64,80,OGC Nice,€900K,€4K,1556,Left,1,3,3,High/ Medium,Normal,No,ST,35,1-Jul-18,,2021,6'2,181lbs
11120,234525,A. Carleton,18,United States,64,80,Atlanta United,€925K,€1K,1693,Right,1,4,3,Medium/ Medium,Normal,No,LM,30,22-Jun-17,,2019,5'7,146lbs
11123,245277,K. Michael,18,Nigeria,64,80,Perugia,€925K,€3K,1748,Right,1,4,3,High/ Medium,Lean,No,RCM,14,,Bologna,30-Jun-19,5'9,154lbs
11147,241187,L. Geertruida,17,Netherlands,64,80,Feyenoord,€800K,€1K,1584,Right,1,3,2,Medium/ Medium,Normal,No,CB,38,29-May-17,,2020,6'1,163lbs
11243,242744,A. Aremu,18,Nigeria,64,78,IK Start,€850K,€1K,1765,Right,1,3,3,Medium/ Medium,Normal,No,RCM,4,19-Jan-18,,2020,5'11,170lbs
11269,241470,Álex Centelles,18,Spain,64,77,Valencia CF,€700K,€3K,1713,Left,1,3,3,Medium/ Medium,Lean,No,LB,32,1-Jul-17,,2023,6'1,148lbs
11298,232519,G. Middleton,18,Scotland,64,84,Rangers FC,€925K,€6K,1531,Left,1,3,3,High/ Low,Normal,No,LW,40,31-Jan-18,,2023,5'9,150lbs
11319,243275,L. Mai,18,Germany,64,84,FC Bayern München,€850K,€5K,1402,Right,1,2,2,Medium/ Medium,Normal,No,CB,15,21-Apr-18,,2021,6'3,194lbs
11327,246606,Fran García,18,Spain,64,79,Real Madrid,€825K,€9K,1644,Left,1,3,2,High/ Medium,Normal,No,LB,37,1-Jul-18,,2019,5'7,139lbs
11330,243023,V. Screciu,18,Romania,64,80,KRC Genk,€850K,€1K,1583,Right,1,3,2,Medium/ High,Normal,No,CDM,54,1-Jul-18,,2021,5'7,161lbs
11343,243282,D. McNeil,18,England,64,79,Burnley,€925K,€5K,1670,Left,1,2,3,High/ Medium,Lean,No,LM,31,10-Apr-18,,2020,6'0,150lbs
11347,237139,T. Oakley-Boothe,18,England,64,81,Tottenham Hotspur,€925K,€7K,1615,Right,1,3,3,Medium/ Medium,Lean,Yes,CM,46,1-Jul-17,,2021,6'0,150lbs
11451,237681,T. Kubo,17,Japan,64,85,Yokohama F. Marinos,€975K,€1K,1647,Left,1,4,4,High/ Medium,Lean,No,CAM,15,,FC Tokyo,31-Dec-18,5'8,148lbs
11457,241266,W. Geubbels,16,France,64,86,AS Monaco,€1M,€5K,1576,Right,1,3,3,Medium/ Low,Lean,No,ST,13,1-Jul-18,,2023,6'1,159lbs
11559,244106,Pascu,18,Spain,64,82,Valencia CF,€925K,€3K,1642,Right,1,4,2,Medium/ Medium,Normal,No,CM,38,1-Jul-17,,2020,5'11,148lbs
11567,245388,J. Todibo,18,France,64,78,Toulouse Football Club,€850K,€2K,1599,Right,1,3,2,Medium/ Medium,Normal,No,CB,33,1-Jul-18,,2019,6'2,179lbs
11573,239502,W. Bianda,18,France,64,81,Roma,€850K,€4K,1419,Left,1,3,2,Medium/ Medium,Lean,No,CB,28,1-Jul-18,,2023,6'1,181lbs
11576,240783,T. Campbell,18,England,64,82,Stoke City,€950K,€5K,1660,Left,1,4,2,Medium/ Medium,Normal,No,ST,26,1-Jul-17,,2021,6'0,165lbs
11579,240273,E. Smith Rowe,17,England,64,85,Arsenal,€975K,€10K,1604,Right,1,3,4,High/ Medium,Lean,No,LW,55,31-Jul-17,,2019,6'0,141lbs
11580,241809,T. Al Ammar,18,Saudi Arabia,64,79,Al Shabab,€925K,€3K,1587,Right,1,3,3,Medium/ Low,Lean,No,CM,7,1-Jan-15,,2021,5'7,150lbs
11585,241042,O. Skipp,17,England,64,83,Tottenham Hotspur,€800K,€6K,1610,Right,1,3,2,Medium/ High,Normal,No,CDM,52,16-Sep-17,,2021,5'9,154lbs
11588,240787,H. Traorè,18,Ivory Coast,64,83,Empoli,€925K,€2K,1630,Right,1,3,3,High/ Medium,Normal,No,CAM,8,1-Jul-17,,2021,5'8,143lbs
11618,246169,Roberto López,18,Spain,64,84,Real Sociedad,€925K,€3K,1425,Left,1,2,3,Medium/ Medium,Normal,No,CAM,28,5-Oct-18,,2025,5'7,143lbs
11628,239003,H. Mahou,18,France,64,77,OGC Nice,€800K,€4K,1573,Right,1,3,3,High/ Medium,Lean,No,RW,36,1-Jul-18,,2022,5'11,170lbs
11629,242075,J. Sargent,18,United States,64,84,SV Werder Bremen,€950K,€3K,1630,Right,1,3,3,High/ Medium,Normal,No,ST,19,20-Feb-18,,2021,5'11,174lbs
11663,235171,A. Bongiovanni,18,Belgium,64,79,KSV Cercle Brugge,€925K,€6K,1651,Right,1,4,3,Medium/ Medium,Lean,No,CAM,27,,AS Monaco,30-Jun-19,5'7,121lbs
11672,236710,T. Nydam,18,England,64,79,St. Johnstone FC,€925K,€1K,1732,Left,1,3,3,Medium/ High,Lean,No,CM,17,,Ipswich Town,1-Jan-19,5'7,132lbs
11694,230827,C. Morrison,18,Scotland,64,77,Heart of Midlothian,€800K,€1K,1528,Right,1,3,3,High/ Medium,Normal,No,RM,38,1-Jul-15,,2021,5'10,163lbs
11732,244403,A. Taoui,16,France,64,75,Toulouse Football Club,€700K,€3K,1546,Left,1,4,3,Medium/ Medium,Lean,No,ST,35,1-Jul-18,,2021,5'10,152lbs
11746,231864,M. van Bergen,18,Netherlands,64,77,SC Heerenveen,€800K,€1K,1550,Right,1,3,3,High/ Medium,Lean,No,RM,11,31-Aug-18,,2022,5'8,137lbs
11776,239807,D. Frattesi,18,Italy,64,81,Ascoli,€925K,€5K,1673,Right,1,4,3,Medium/ Medium,Normal,No,LCM,30,,Sassuolo,30-Jun-19,5'10,163lbs
11798,243138,C. Saldaña,18,Chile,64,77,CD Palestino,€700K,€1K,1631,Left,1,3,3,Medium/ Medium,Normal,No,LB,18,16-Mar-18,,2021,5'9,154lbs
11805,243652,Borja Garcés,18,Spain,64,83,Atlético Madrid,€950K,€5K,1545,Right,1,3,2,Medium/ Medium,Normal,No,ST,32,1-Jul-18,,2021,5'10,157lbs
11845,240589,Miguel,18,Spain,64,78,Real Valladolid CF,€950K,€2K,1535,Right,1,3,3,High/ Medium,Lean,No,ST,27,1-Jul-17,,2021,5'11,170lbs
11874,241363,H. Cochrane,17,Scotland,64,83,Heart of Midlothian,€875K,€1K,1680,Right,1,4,3,High/ Medium,Lean,No,CM,20,1-Jul-17,,2021,5'10,137lbs
11903,243675,K. Scherpen,18,Netherlands,64,78,FC Emmen,€750K,€1K,974,Right,1,5,1,Medium/ Medium,Normal,No,GK,12,1-Jul-17,,2020,6'8,187lbs
11916,242654,J. Carbonero,18,Colombia,64,82,Once Caldas,€925K,€1K,1522,Right,1,3,3,Medium/ Medium,Normal,No,LM,15,20-Jan-18,,2019,5'7,165lbs
11944,240611,D. Yearwood,18,England,64,80,Southend United,€925K,€1K,1749,Right,1,3,3,Medium/ Medium,Normal,No,LDM,16,25-Jul-17,,2021,5'9,139lbs
11961,239592,J. Macías,18,Mexico,64,75,Guadalajara,€725K,€4K,1527,Right,1,4,3,High/ Medium,Lean,No,ST,92,1-Jan-16,,2020,5'10,161lbs
11976,245226,Gonçalo Cardoso,17,Portugal,64,78,Boavista FC,€800K,€1K,1383,Left,1,3,2,Low/ Medium,Lean,No,LCB,2,1-Jul-18,,2019,6'2,174lbs
12059,239614,Jesús Areso,18,Spain,64,79,Athletic Club de Bilbao,€825K,€2K,1572,Right,1,2,3,Medium/ Medium,Normal,No,RB,32,7-Jul-17,,2021,6'0,154lbs
12079,243715,W. Saliba,17,France,63,77,AS Saint-Étienne,€650K,€2K,1397,Right,1,3,2,High/ Medium,Lean,No,CB,4,1-Jul-18,,2021,6'4,187lbs
12086,245764,Ricardo Campos,18,Portugal,63,79,Valencia CF,€750K,€7K,1523,Right,1,3,3,Medium/ Medium,Lean,No,RM,31,,Juventus,30-Jun-19,5'10,146lbs
12166,243478,E. Loiodice,17,France,63,85,Dijon FCO,€800K,€1K,1616,Left,1,3,3,Medium/ Medium,Lean,No,LDM,12,1-Jul-18,,2021,5'9,137lbs
12241,238379,N. Nartey,18,Denmark,63,81,1. FC Köln,€750K,€2K,1575,Right,1,3,3,Medium/ Medium,Lean,No,CM,38,1-Jul-17,,2020,6'1,176lbs
12250,243245,O. Kökçü,17,Netherlands,63,80,Feyenoord,€725K,€1K,1728,Right,1,4,3,Medium/ Medium,Normal,No,CM,23,20-Mar-17,,2020,5'11,154lbs
12282,243510,O. Stijepovi?,18,Montenegro,63,77,Sampdoria,€750K,€3K,1651,Left,1,2,3,High/ Low,Lean,No,CM,40,31-Mar-18,,2021,5'10,150lbs
12290,244024,O. Batista Meier,17,Germany,63,83,FC Bayern München,€725K,€5K,1503,Right,1,3,3,Medium/ Medium,Lean,No,LM,41,1-Jul-18,,2021,5'10,132lbs
12309,242238,O. Solet,18,France,63,83,Olympique Lyonnais,€675K,€4K,1517,Right,1,4,2,Medium/ Medium,Normal,No,CB,26,1-Jul-18,,2022,6'4,179lbs
12337,243014,B. Mbeumo,18,France,63,79,ESTAC Troyes,€750K,€1K,1572,Left,1,2,3,High/ Medium,Normal,No,RM,19,1-Jul-18,,2021,5'8,165lbs
12367,243788,A. Mucolli,18,Albania,63,78,Vejle Boldklub,€750K,€1K,1642,Left,1,4,3,High/ Medium,Normal,No,CM,30,1-Jul-17,,2020,5'9,154lbs
12389,242004,Jeon Se Jin,18,Korea Republic,63,75,Suwon Samsung Bluewings,€625K,€1K,1502,Right,1,4,3,High/ Medium,Lean,No,ST,99,1-Jan-18,,2021,6'0,154lbs
12412,242265,M. Obafemi,17,Republic of Ireland,63,78,Southampton,€750K,€5K,1531,Right,1,3,2,Medium/ Low,Stocky,No,ST,61,4-Jul-17,,2019,5'7,157lbs
12416,244570,O. León,18,Mexico,63,76,Club América,€575K,€4K,1458,Right,1,3,2,Medium/ Medium,Normal,No,CB,28,1-Jul-18,,2021,6'2,194lbs
12422,242268,C. Özkan,18,Germany,63,76,DSC Arminia Bielefeld,€575K,€1K,1643,Right,1,3,2,Medium/ Medium,Normal,No,RB,34,23-Feb-18,,2021,6'0,154lbs
12460,234087,C. Styles,18,England,63,78,Bury,€750K,€1K,1624,Right,1,3,2,Medium/ Medium,Normal,No,CM,12,,Barnsley,12-Jan-19,5'6,132lbs
12483,244588,B. Baiye,17,Belgium,63,83,Club Brugge KV,€650K,€2K,1552,Right,1,3,2,Low/ High,Stocky,No,CDM,98,1-Jul-16,,2019,5'10,165lbs
12487,238958,R. Harper,18,England,63,79,West Bromwich Albion,€750K,€3K,1681,Right,1,3,2,Medium/ Medium,Lean,Yes,CM,34,1-Apr-17,,2019,6'0,168lbs
12492,244591,J. Bogle,17,England,63,82,Derby County,€650K,€3K,1624,Right,1,3,2,High/ High,Lean,No,RB,37,1-Jul-18,,2022,5'10,152lbs
12496,245616,Pelayo Morilla,16,Spain,63,81,Real Sporting de Gijón,€725K,€1K,1558,Left,1,2,3,Medium/ Medium,Lean,No,RM,31,18-Aug-18,,2022,6'0,154lbs
12531,244602,O. Boussaid,18,Belgium,63,77,FC Utrecht,€750K,€2K,1598,Left,1,3,3,Medium/ Medium,Lean,No,CAM,26,1-Jul-18,,2021,5'5,146lbs
12555,240000,E. Abouchabaka,18,Germany,63,80,SpVgg Greuther Fürth,€750K,€4K,1564,Left,1,3,3,Medium/ Medium,Lean,No,CAM,8,,RB Leipzig,30-Jun-20,6'0,161lbs
12670,238235,H. Vetlesen,18,Norway,63,81,Stabæk Fotball,€675K,€1K,1751,Right,1,3,3,Medium/ Medium,Lean,No,CDM,25,31-Mar-17,,2021,5'9,146lbs
12678,240797,M. Tramoni,18,France,63,80,AC Ajaccio,€750K,€1K,1641,Right,1,4,3,Medium/ Medium,Lean,No,RM,11,1-Jul-17,,2020,5'9,150lbs
12679,243357,F. Evina,17,Germany,63,81,FC Bayern München,€725K,€5K,1645,Right,1,3,3,Medium/ Medium,Stocky,No,LM,43,28-Apr-18,,2021,5'10,161lbs
12680,245149,J. Hurtado,18,Venezuela,63,80,Gimnasia y Esgrima La Plata,€750K,€2K,1568,Right,1,3,3,High/ Low,Normal,No,RW,17,3-Aug-18,,2021,6'0,157lbs
12801,246457,C. Ngonge,18,Belgium,63,84,Club Brugge KV,€850K,€2K,1559,Left,1,4,3,Medium/ Medium,Lean,No,ST,27,1-Jul-17,,2019,5'10,143lbs
12802,235450,Domingos Quina,18,Portugal,63,81,Watford,€750K,€4K,1592,Right,1,3,3,Medium/ Medium,Lean,Yes,CAM,20,9-Aug-18,,2022,5'9,146lbs
12803,240826,L. Sörensen,18,Denmark,63,82,Stoke City,€675K,€3K,1659,Right,1,3,2,Medium/ Medium,Lean,No,CDM,33,1-Jul-17,,2023,6'1,172lbs
12814,242110,S. Sosa,18,Venezuela,63,79,Club Atlético Talleres,€750K,€2K,1546,Left,1,3,3,Medium/ Medium,Lean,No,LM,17,13-Jan-18,,2021,5'10,157lbs
12828,246465,Guerrero,16,Spain,63,76,CF Rayo Majadahonda,€625K,€1K,1645,Left,1,3,3,Medium/ Medium,Normal,No,CM,26,1-Jul-18,,2019,5'11,165lbs
12956,238049,P. Pomykal,18,United States,63,78,FC Dallas,€750K,€1K,1603,Left,1,3,2,High/ Medium,Lean,No,RM,19,8-Sep-16,,2019,5'7,146lbs
12966,242660,J. Beyer,18,Germany,63,80,Borussia Mönchengladbach,€675K,€2K,1558,Right,1,3,2,Medium/ Medium,Lean,No,RB,15,18-Feb-18,,2022,6'2,176lbs
13025,244724,E. Frederiksen,17,Denmark,63,77,SC Heerenveen,€725K,€1K,1604,Left,1,2,3,Medium/ Medium,Normal,No,CAM,22,1-Jul-18,,2022,5'10,157lbs
13060,240126,W. Meyiwa,18,South Africa,63,77,Kaizer Chiefs,€750K,€1K,1649,Right,1,3,3,Medium/ Medium,Lean,No,CM,38,15-Mar-17,,2021,5'8,143lbs
13076,235780,A. Sosa,18,Argentina,62,75,Club Atlético Banfield,€475K,€1K,1408,Right,1,3,2,Medium/ High,Normal,No,CB,19,1-Jul-16,,2019,5'10,168lbs
13097,246281,Emilio Bernad,18,Spain,62,76,Valencia CF,€500K,€1K,966,Right,1,3,1,Medium/ Medium,Normal,No,GK,35,1-Jul-18,,2019,6'0,152lbs
13126,239890,O. Kabak,18,Turkey,62,77,Galatasaray SK,€575K,€3K,1390,Right,1,3,2,Low/ High,Lean,No,RCB,43,4-Jul-17,,2020,6'1,165lbs
13134,242965,F. Hornby,18,Scotland,62,81,Everton,€625K,€7K,1462,Right,1,2,2,Medium/ Medium,Normal,No,ST,45,4-Jul-18,,2021,6'2,170lbs
13143,238616,Pedro Neto,18,Portugal,62,79,Lazio,€625K,€1K,1493,Left,1,3,3,High/ Medium,Normal,No,ST,30,,SC Braga,30-Jun-19,5'8,139lbs
13157,246044,Andrés Martín,18,Spain,62,78,Córdoba CF,€625K,€1K,1512,Right,1,3,3,Medium/ Medium,Normal,No,ST,30,1-Jul-18,,2022,5'9,159lbs
13210,240941,L. Pintor,17,France,62,83,Olympique Lyonnais,€675K,€5K,1507,Right,1,3,2,Medium/ Medium,Lean,No,ST,17,31-Aug-18,,2023,5'10,146lbs
13211,245037,Eric García,17,Spain,62,82,Manchester City,€550K,€6K,1474,Right,1,3,2,Medium/ High,Lean,No,CB,50,1-Jul-17,,2022,6'0,174lbs
13254,246328,A. Aidonis,17,Germany,62,82,VfB Stuttgart,€550K,€2K,1418,,,,,,,,,,,,,,
13278,246078,C. Mamengi,17,Netherlands,62,79,FC Utrecht,€550K,€1K,1545,,,,,,,,,,,,,,
13293,246594,H. Massengo,16,France,62,75,AS Monaco,€450K,€2K,1651,Right,1,3,2,Medium/ Medium,Lean,No,CDM,42,1-Jul-18,,2021,5'10,146lbs
13300,242755,J. Yeboah,18,Germany,62,83,VfL Wolfsburg,€675K,€3K,1512,Left,1,3,3,Medium/ Medium,Normal,No,LM,29,1-Jul-17,,2021,5'7,154lbs
13304,246340,M. Mudryk,17,Ukraine,62,84,Shakhtar Donetsk,€650K,€1K,1487,Right,1,3,3,Medium/ Low,Lean,No,CAM,91,29-Oct-18,,2021,5'9,134lbs
13323,236875,A. Poulsen,18,Denmark,62,77,Borussia Mönchengladbach,€550K,€2K,1585,Left,1,3,3,High/ Medium,Lean,No,LB,40,1-Jul-18,,2023,6'2,176lbs
13340,242512,A. Gryszkiewicz,18,Poland,62,75,Górnik Zabrze,€475K,€1K,1549,Left,1,3,2,High/ Medium,Normal,No,LB,27,2-Feb-18,,2020,6'1,179lbs
13367,243032,Hugo Duro,18,Spain,62,75,Getafe CF,€550K,€2K,1414,Left,1,3,2,Medium/ Medium,Normal,No,ST,27,1-Jul-17,,2019,5'11,165lbs
13406,235618,K. Wilson,18,England,62,74,Walsall,€425K,€2K,1617,Right,1,3,3,High/ Medium,Normal,Yes,RB,28,,West Bromwich Albion,30-Jun-19,5'10,157lbs
13418,240997,Kike,18,Spain,62,72,Rayo Vallecano,€400K,€1K,1391,Right,1,2,2,Low/ High,Lean,No,CB,37,1-Jul-17,,2019,6'3,168lbs
13425,238182,A. Amaya,17,Colombia,62,82,Atlético Huila,€600K,€1K,1492,Left,1,3,3,High/ Low,Lean,No,RM,11,5-Aug-17,,2021,5'7,143lbs
13494,239226,J. Torres,18,United States,62,75,Sporting Lokeren,€475K,€1K,1657,Right,1,3,2,Medium/ High,Lean,No,CDM,31,3-May-17,,2020,5'9,157lbs
13503,238460,R. Brewster,18,England,62,84,Liverpool,€700K,€8K,1501,Right,1,3,3,High/ Medium,Lean,Yes,ST,24,1-Apr-17,,2023,5'9,165lbs
13504,240252,V. Méndez,18,Chile,62,72,Unión Española,€400K,€1K,1553,Right,1,3,2,Medium/ High,Normal,No,CDM,30,1-Jul-17,,2021,5'9,150lbs
13539,245639,André Anderson,18,Brazil,62,79,US Salernitana 1919,€625K,€4K,1516,Right,1,3,3,Medium/ Medium,Lean,No,CF,28,,Lazio,30-Jun-19,5'11,159lbs
13550,242573,D. Caicedo,18,Colombia,62,83,Deportivo Cali,€675K,€1K,1523,Right,1,3,3,Medium/ Medium,Lean,No,RM,30,1-Feb-18,,2021,5'5,143lbs
13555,245390,G. Traoré,18,France,62,75,Amiens SC,€475K,€1K,1565,Right,1,2,2,Medium/ Medium,Lean,No,CDM,14,1-Jul-18,,2021,5'8,139lbs
13558,246416,L. Dajaku,17,Germany,62,82,VfB Stuttgart,€600K,€3K,1487,Right,1,4,3,Medium/ Medium,Normal,No,ST,25,23-Nov-18,,2021,5'11,163lbs
13563,242578,B. Badiashile,17,France,62,80,AS Monaco,€550K,€4K,1343,Left,1,3,2,Low/ High,Normal,No,CB,32,1-Jul-18,,2021,6'4,170lbs
13567,246419,Y. Verschaeren,16,Belgium,62,83,RSC Anderlecht,€650K,€1K,1588,Right,1,3,3,Medium/ Medium,Normal,No,CAM,51,17-Jul-17,,2021,5'8,139lbs
13582,242328,N. Stierlin,18,Germany,62,76,RB Leipzig,€575K,€3K,1606,Right,1,3,2,Medium/ Medium,Normal,No,CDM,26,29-Jan-18,,2020,6'0,163lbs
13594,244635,M. Pronichev,18,Russia,62,78,FC Erzgebirge Aue,€625K,€3K,1529,Right,1,4,2,High/ Medium,Normal,No,CF,14,,Hertha BSC,30-Jun-19,6'0,172lbs
13595,235932,A. Dadakdeniz,18,Turkey,62,75,Bursaspor,€425K,€1K,911,Right,1,3,1,Medium/ Medium,Normal,No,GK,53,16-May-16,,2021,6'4,185lbs
13599,246428,K. Çelik,18,Turkey,62,73,Kayserispor,€500K,€2K,1508,Right,1,3,2,Medium/ Medium,Normal,No,ST,29,1-Jul-18,,2023,5'10,168lbs
13616,242081,A. Almendra,18,Argentina,62,81,Boca Juniors,€625K,€2K,1630,Right,1,2,3,Medium/ Medium,Lean,No,LCM,39,1-Jan-18,,2022,6'0,165lbs
13635,244134,B. Kapacak,18,Turkey,62,77,Bursaspor,€625K,€2K,1601,Right,1,3,2,Medium/ Low,Normal,No,RM,77,1-Jul-18,,2021,5'9,154lbs
13659,246188,D. Hernández,18,Mexico,62,74,Guadalajara,€500K,€3K,1526,Left,1,3,3,Medium/ Medium,Lean,No,LW,80,10-Jun-14,,2021,5'8,176lbs
13681,244661,Vitinho,18,Brazil,62,76,KSV Cercle Brugge,€550K,€1K,1606,Right,1,3,3,High/ Medium,Normal,No,RB,29,13-Jul-18,,2023,5'9,161lbs
13699,244410,M. Goncalves,17,France,62,73,Toulouse Football Club,€400K,€2K,1613,Left,1,2,2,Medium/ Medium,Lean,No,LB,3,1-Jul-18,,2021,5'10,146lbs
13755,235980,I. Morales,18,Chile,62,77,Colo-Colo,€625K,€1K,1422,Right,1,3,2,Medium/ Medium,Stocky,No,LS,18,21-Aug-16,,2020,5'11,168lbs
13787,245717,Lucas Rodrigues,18,Brazil,62,71,Moreirense FC,€425K,€1K,1461,Right,1,3,3,Medium/ Medium,Normal,No,ST,17,21-Aug-18,,2021,6'0,163lbs
13794,246230,M. Phaeton,18,France,62,77,En Avant de Guingamp,€625K,€2K,1553,Right,1,3,2,Medium/ Medium,Normal,No,ST,33,1-Feb-18,,2023,6'1,165lbs
13797,244695,A. Ndiaye,18,Senegal,62,80,FC Metz,€625K,€1K,1392,Right,1,2,3,Medium/ Medium,Lean,No,ST,23,1-Jul-18,,2022,6'1,154lbs
13817,245211,J. Teze,18,Netherlands,62,80,PSV,€550K,€1K,1609,Right,1,3,2,High/ High,Normal,No,RB,33,27-Jul-16,,2019,5'11,150lbs
13822,245213,Baba Fernandes,18,Guinea Bissau,62,74,Vitória de Setúbal,€450K,€1K,1381,Right,1,2,2,Medium/ Medium,Normal,No,CB,40,1-Jul-18,,2021,6'2,154lbs
13829,234207,J. Kitolano,18,Norway,62,77,Wolverhampton Wanderers,€550K,€4K,1550,Left,1,3,2,High/ Medium,Lean,No,LWB,50,9-Aug-18,,2021,5'9,143lbs
13834,241889,A. McDonald,17,Scotland,62,84,Heart of Midlothian,€650K,€1K,1535,Left,1,2,3,High/ Medium,Lean,No,RM,21,23-Mar-17,,2021,5'9,148lbs
13836,242914,K. Nakamura,17,Japan,62,80,Gamba Osaka,€600K,€1K,1566,Right,1,3,4,High/ Medium,Lean,No,RM,38,1-Jan-18,,2021,5'11,165lbs
13846,237286,A. Connolly,18,Republic of Ireland,62,81,Brighton & Hove Albion,€625K,€4K,1420,Right,1,3,2,Medium/ Low,Normal,No,ST,44,1-Jul-17,,2019,5'10,170lbs
13850,237543,M. Siabanis,18,Greece,62,73,PAOK,€375K,€1K,1063,Left,1,3,1,Medium/ Medium,Normal,No,GK,99,1-Jan-15,,2019,6'2,181lbs
13871,244716,W. Decas,18,Honduras,62,75,CD Nacional,€475K,€1K,1520,Left,1,3,3,Medium/ Medium,Lean,No,LB,55,29-Aug-17,,2020,6'1,163lbs
13887,244209,D. Pérez,18,Venezuela,62,78,Colo-Colo,€625K,€1K,1599,Right,1,3,3,Medium/ Medium,Normal,No,RW,30,1-Jul-18,,2020,5'10,146lbs
13907,238071,D. Sterling,18,England,62,74,Coventry City,€425K,€1K,1580,Right,1,3,2,Medium/ Medium,Normal,Yes,RB,17,24-Oct-16,,2022,6'1,179lbs
13914,240888,T. Doornbusch,18,Netherlands,62,75,SC Heerenveen,€425K,€1K,951,Right,1,2,1,Medium/ Medium,Lean,No,GK,24,1-Jul-17,,2020,6'2,176lbs
13927,241403,A. Dabo,17,France,62,86,FC Nantes,€650K,€2K,1655,Left,1,2,3,High/ Medium,Normal,No,LM,23,1-Jul-18,,2022,5'11,163lbs
13929,242683,M. Zemzemi,18,Tunisia,62,76,RC Strasbourg Alsace,€625K,€2K,1538,Left,1,2,3,Medium/ Medium,Lean,No,LM,7,31-Jan-18,,2021,6'0,161lbs
13947,239360,P. Struijk,18,Netherlands,61,74,Leeds United,€400K,€3K,1466,Left,1,3,2,Medium/ High,Lean,No,CB,50,30-Jan-18,,2021,6'3,174lbs
13961,242434,C. Jones,17,England,61,82,Liverpool,€550K,€7K,1639,Right,1,3,3,High/ Medium,Lean,No,CM,48,1-Feb-18,,2021,6'0,150lbs
13968,246277,Meseguer,18,Spain,61,75,Rayo Vallecano,€450K,€1K,1450,Left,1,3,3,Medium/ Medium,Normal,No,LB,33,1-Jul-18,,2019,5'9,154lbs
13998,235537,E. Sánchez,18,Mexico,61,75,Pachuca,€525K,€2K,1621,Right,1,3,2,High/ High,Normal,No,CM,28,30-Jun-16,,2021,5'6,141lbs
13999,237329,J. Willock,18,England,61,79,Arsenal,€525K,€7K,1618,Right,1,3,3,Medium/ Medium,Lean,No,CM,59,1-Jul-16,,2022,6'0,157lbs
14008,239892,Y. Akgün,17,Turkey,61,79,Galatasaray SK,€500K,€5K,1491,Left,1,4,3,High/ Low,Normal,No,CF,35,4-Jul-17,,2020,5'8,143lbs
14011,240661,E. Vignato,17,Italy,61,80,Chievo Verona,€500K,€1K,1473,Right,1,4,3,Medium/ Low,Lean,No,CAM,55,31-Jan-17,,2021,5'9,150lbs
14022,245016,A. Ciss,18,Senegal,61,75,Fortuna Sittard,€525K,€1K,1659,Right,1,3,3,Medium/ Medium,Lean,No,CM,20,10-Aug-18,,2022,5'11,154lbs
14031,242204,C. Kouan,18,Ivory Coast,61,79,Perugia,€525K,€1K,1649,Right,1,3,3,High/ Medium,Normal,No,CM,28,1-Jul-17,,2022,5'10,163lbs
14045,244257,J. Burkardt,17,Germany,61,80,1. FSV Mainz 05,€500K,€3K,1500,Right,1,3,2,Medium/ Medium,Lean,No,ST,29,1-Jul-18,,2022,5'11,163lbs
14049,244771,K. Moreno,17,Colombia,61,81,Deportivo Cali,€450K,€1K,1347,Right,1,2,2,Low/ Medium,Stocky,No,CB,2,21-Jul-18,,2021,6'2,183lbs
14055,237605,H. Ad?güzel,18,Turkey,61,77,Akhisar Belediyespor,€525K,€2K,1621,Right,1,3,2,Medium/ Medium,Normal,No,CM,41,3-Apr-17,,2019,5'10,172lbs
14065,236842,J. Torres,18,Mexico,61,76,Club Atlas,€525K,€2K,1516,Right,1,3,2,Medium/ Medium,Normal,No,RW,20,1-Jul-16,,2021,5'7,128lbs
14072,240940,R. de la Rosa,18,Mexico,61,79,Pachuca,€525K,€3K,1430,Right,1,3,2,Medium/ Medium,Lean,No,ST,89,1-Jan-17,,2021,5'10,161lbs
14082,235824,T. Alarcón,18,Chile,61,76,CD O'Higgins,€475K,€1K,1565,Right,1,2,2,Medium/ Medium,Lean,No,CB,2,1-Jul-16,,2021,5'9,154lbs
14087,244529,A. Zekaj,18,Serbia,61,76,LOSC Lille,€475K,€2K,1573,Right,1,3,2,Medium/ Medium,Lean,No,CDM,21,4-Jul-18,,2021,6'2,183lbs
14137,239682,N. Fernández,18,Chile,61,77,Audax Italiano,€450K,€1K,1528,Right,1,3,2,Medium/ Medium,Lean,No,RM,26,4-Aug-16,,2021,5'7,146lbs
14148,241736,Y. Bisseck,17,Germany,61,82,1. FC Köln,€500K,€1K,1385,Right,1,3,2,Medium/ Medium,Lean,No,CB,40,1-Jul-17,,2022,6'4,183lbs
14150,231241,T. Svendsen,18,Norway,61,76,FK Haugesund,€525K,€1K,1700,Right,1,4,3,Medium/ High,Normal,No,CM,21,,Molde FK,31-Dec-18,5'8,146lbs
14168,246352,Guillamón,18,Spain,61,81,Valencia CF,€475K,€2K,1435,Right,1,3,2,Medium/ Medium,Lean,No,CB,36,1-Jul-18,,2020,5'10,161lbs
14197,233051,L. Bolton,18,England,61,79,Manchester City,€525K,€7K,1652,Right,1,3,3,High/ High,Normal,No,RM,74,7-Oct-16,,2020,5'9,159lbs
14207,242528,T. Buitink,18,Netherlands,61,77,Vitesse,€525K,€1K,1434,Right,1,3,2,Medium/ Low,Normal,No,ST,29,1-Jul-16,,2022,5'9,150lbs
14221,242534,C. Cásseres Jr,18,Venezuela,61,78,New York Red Bulls,€525K,€1K,1633,Right,1,3,3,Medium/ Medium,Normal,No,CM,23,2-Feb-18,,2020,5'9,150lbs
14252,243055,Rafael Camacho,18,Portugal,61,81,Liverpool,€525K,€7K,1561,Right,1,3,3,Medium/ Medium,Lean,No,CAM,64,1-Jul-18,,2020,5'9,143lbs
14257,235633,Y. Diouf,18,France,61,79,ESTAC Troyes,€425K,€1K,1034,Right,1,3,1,Medium/ Medium,Lean,No,GK,40,8-Sep-16,,2019,6'2,165lbs
14262,231539,N. Andereggen,18,Argentina,61,79,Unión de Santa Fe,€525K,€2K,1502,Left,1,3,2,Medium/ Medium,Lean,No,ST,12,1-Jan-15,,2020,5'9,157lbs
14280,244601,S. van Hooijdonk,18,Netherlands,61,75,NAC Breda,€525K,€1K,1645,Right,1,4,2,Medium/ Medium,Normal,No,LM,29,1-Jul-18,,2020,6'1,176lbs
14321,245894,Robert,17,Spain,61,81,Real Betis,€500K,€2K,1526,Left,1,5,3,High/ Medium,Lean,No,RW,33,1-Jul-17,,2020,5'10,163lbs
14324,243847,R. Griffiths,18,England,61,84,Olympique Lyonnais,€575K,€5K,1440,Right,1,3,2,High/ Medium,Stocky,No,ST,21,1-Aug-18,,2022,5'11,168lbs
14330,242569,F. Álvarez,18,Argentina,61,80,San Martín de San Juan,€475K,€1K,1369,Right,1,3,2,Medium/ Medium,Lean,No,CB,28,11-Jan-18,,2021,5'11,163lbs
14342,235661,D. Haspolat,18,Netherlands,61,76,Excelsior,€525K,€1K,1648,Right,1,3,3,Medium/ Medium,Normal,No,CM,21,1-Jul-16,,2021,5'10,165lbs
14359,241812,L. Kramer,18,Netherlands,61,75,FC Groningen,€475K,€1K,1336,Right,1,3,2,Medium/ Medium,Normal,No,CB,12,1-Jul-17,,2020,6'4,176lbs
14375,240026,A. Fontana,18,United States,61,79,Philadelphia Union,€525K,€1K,1685,Right,1,3,2,High/ High,Lean,No,CAM,21,17-Jul-17,,2019,5'8,150lbs
14390,242334,J. Lindsey,18,United States,61,80,Sporting Kansas City,€450K,€1K,1605,Right,1,3,2,Medium/ Medium,Normal,No,RB,26,1-Jan-18,,2021,5'8,168lbs
14391,246430,D. Vlahovic,18,Serbia,61,80,Fiorentina,€525K,€5K,1440,Left,1,3,2,Medium/ Medium,Normal,No,ST,28,26-Jun-18,,2025,6'3,176lbs
14393,241055,Diego Pampín,18,Spain,61,79,RC Celta,€450K,€2K,1494,Left,1,3,2,Medium/ Medium,Normal,No,LB,31,1-Jul-17,,2020,5'9,157lbs
14398,241568,C. Ferreira,18,Argentina,61,81,River Plate,€525K,€2K,1569,Right,1,3,2,Medium/ Low,Lean,No,CAM,21,29-Oct-17,,2020,5'9,152lbs
14430,240041,A. Babacan,18,Turkey,61,76,Galatasaray SK,€525K,€4K,1557,Left,1,3,2,Medium/ Low,Lean,No,CAM,44,4-Jul-17,,2020,5'9,154lbs
14435,242602,J. Vagnoman,17,Germany,61,83,Hamburger SV,€500K,€1K,1484,Right,1,4,2,High/ Medium,Normal,No,LB,27,10-Mar-18,,2021,6'2,190lbs
14452,240563,D. Emmanouilidis,17,Greece,61,77,Panathinaikos FC,€500K,€1K,1404,Right,1,3,2,High/ Medium,Lean,No,RM,17,1-Jul-17,,2020,5'7,154lbs
14456,238516,L. Østigård,18,Norway,61,81,Brighton & Hove Albion,€475K,€3K,1460,Right,1,3,2,Medium/ High,Normal,No,CB,45,8-Aug-18,,2021,6'0,176lbs
14462,241590,P. Pfeiffer,18,Germany,61,79,Hamburger SV,€475K,€1K,1342,Right,1,5,2,Medium/ Medium,Lean,No,CB,36,2-Nov-17,,2021,6'5,201lbs
14489,239810,N. Raskin,17,Belgium,61,79,KAA Gent,€500K,€2K,1557,Left,1,3,3,Medium/ Medium,Normal,No,CM,24,1-Jul-17,,2020,5'10,161lbs
14525,242640,T. Christensen,18,Norway,61,80,IK Start,€525K,€1K,1566,Left,1,3,3,Medium/ Medium,Normal,No,LW,10,8-Sep-16,,2019,5'10,161lbs
14526,242641,R. Aït Nouri,17,France,61,81,Angers SCO,€450K,€2K,1582,Left,1,3,2,High/ Medium,Lean,No,LB,2,1-Jul-18,,2021,5'10,154lbs
14532,242386,C. Klarer,18,Austria,61,77,Southampton,€475K,€3K,1330,Right,1,3,2,Medium/ High,Lean,No,CB,54,8-Jul-16,,2019,6'3,161lbs
14556,242908,J. Clarke,17,England,61,80,Leeds United,€500K,€3K,1516,Right,1,3,3,Medium/ Medium,Lean,No,LM,47,23-Nov-17,,2021,5'10,163lbs
14566,242656,I. Meslier,18,France,61,79,FC Lorient,€425K,€1K,935,Right,1,2,1,Medium/ Medium,Lean,No,GK,1,1-Feb-18,,2022,6'5,163lbs
14597,241382,R. Tulloch,17,England,61,76,West Bromwich Albion,€500K,€3K,1440,Right,1,3,2,Medium/ Low,Normal,No,ST,31,1-Jul-17,,2020,5'10,132lbs
14599,241383,D. Meredith,18,Scotland,61,76,West Bromwich Albion,€450K,€2K,1529,Right,1,3,2,Medium/ Medium,Normal,No,RB,45,30-Jun-17,,2019,5'8,141lbs
14602,243688,B. Burns,18,Northern Ireland,61,78,Livingston FC,€525K,€1K,1690,Left,1,3,2,High/ High,Stocky,No,CM,19,,Heart of Midlothian,30-Jun-19,5'8,143lbs
14603,245992,B. Gilmour,17,Scotland,61,84,Chelsea,€550K,€7K,1613,Right,1,3,3,Medium/ Medium,Lean,No,CM,60,1-Jul-18,,2021,5'8,150lbs
14618,244717,A. Gallo,18,Italy,61,81,Palermo,€525K,€1K,1671,Left,1,3,2,High/ Medium,Lean,No,LM,33,22-Feb-18,,2023,6'0,161lbs
14643,233466,M. Olsen Pettersen,18,Norway,61,76,SK Brann,€425K,€1K,871,Right,1,2,1,Medium/ Medium,Normal,No,GK,12,31-Mar-15,,2020,6'3,187lbs
14646,238075,M. Taylor-Crossdale,18,England,61,79,Chelsea,€525K,€8K,1490,Right,1,3,3,High/ Medium,Lean,No,ST,56,28-Dec-16,,2019,6'1,170lbs
14648,244476,C. Vidal,18,France,61,77,Montpellier HSC,€475K,€2K,1318,Right,1,3,2,Medium/ High,Lean,No,CB,27,1-Jul-18,,2021,6'1,165lbs
14650,244989,J. Aguilera,18,Chile,61,77,Colo-Colo,€525K,€1K,1556,Left,1,2,3,Medium/ Medium,Normal,No,LW,22,31-Jan-17,,2021,5'6,137lbs
14657,237316,B. Cooper,18,Wales,60,80,Swansea City,€375K,€2K,1320,Right,1,3,2,Low/ Medium,Lean,No,CB,55,18-Jan-17,,2020,6'1,163lbs
14662,246278,Manu Navarro,17,Spain,60,72,Rayo Vallecano,€325K,€1K,1514,Right,1,3,3,Medium/ Medium,Normal,No,CM,34,1-Jul-18,,2019,5'11,165lbs
14670,245769,E. Majetschak,18,Germany,60,76,RB Leipzig,€425K,€3K,1575,Right,1,4,2,Medium/ Medium,Lean,No,CM,40,24-Aug-18,,2019,6'1,161lbs
14675,242187,C. Baumgartner,18,Austria,60,78,TSG 1899 Hoffenheim,€425K,€2K,1533,Right,1,3,3,Medium/ Medium,Lean,No,CAM,42,17-Jan-18,,2021,5'10,150lbs
14680,243468,A. Balanta,18,Colombia,60,80,Deportivo Cali,€375K,€1K,1529,Right,1,3,2,Medium/ High,Normal,No,CDM,28,20-Jan-17,,2021,5'10,159lbs
14682,240141,W. Hajda,18,Poland,60,74,Górnik Zabrze,€375K,€1K,1515,Right,1,3,2,Medium/ High,Normal,No,CDM,18,26-Jul-17,,2020,6'0,165lbs
14687,239631,D. Loader,17,England,60,82,Reading,€450K,€3K,1461,Right,1,3,3,Medium/ Medium,Lean,No,RW,43,1-Jul-17,,2021,6'0,150lbs
14695,239889,R. Gül,17,Turkey,60,77,Galatasaray SK,€400K,€3K,1487,Left,1,3,3,High/ Medium,Stocky,No,LM,37,4-Jul-17,,2020,5'6,165lbs
14702,239891,A. Karnuçu,18,Turkey,60,79,Galatasaray SK,€375K,€3K,1531,Right,1,2,2,Medium/ High,Lean,No,CDM,42,4-Jul-17,,2020,6'0,165lbs
14728,242971,C. Palacios,17,Chile,60,74,Unión Española,€400K,€1K,1509,Right,1,3,2,High/ Medium,Lean,No,CAM,25,9-Nov-17,,2020,5'6,148lbs
14737,242974,K. Sessa,17,Germany,60,80,1. FC Heidenheim 1846,€400K,€1K,1573,Right,1,3,3,Medium/ Medium,Lean,No,CM,16,16-Mar-18,,2021,5'9,154lbs
14739,244255,K. Michalski,18,Poland,60,75,Górnik Zabrze,€375K,€1K,1494,Right,1,3,2,Medium/ Medium,Normal,No,RB,13,5-Jul-18,,2021,6'2,170lbs
14752,246565,B. Diakité,17,France,60,80,Toulouse Football Club,€375K,€2K,1514,Right,1,3,2,Medium/ High,Normal,No,RB,19,5-Dec-18,,2021,6'1,181lbs
14762,243497,S. Walukiewicz,18,Poland,60,76,Pogo? Szczecin,€375K,€1K,1371,Right,1,2,2,High/ Medium,Normal,No,RCB,40,1-Jul-17,,2020,6'2,176lbs
14766,240939,D. Beyreuther,18,Germany,60,76,Eintracht Frankfurt,€375K,€2K,1569,Left,1,2,2,Medium/ Medium,Lean,No,LB,26,1-Jul-17,,2021,5'11,157lbs
14773,242223,A. Al Hamdan,18,Saudi Arabia,60,74,Al Shabab,€425K,€3K,1386,Right,1,4,2,Medium/ Medium,Lean,No,ST,20,21-Jan-17,,2020,6'1,170lbs
14796,243513,G. Corbo,18,Italy,60,80,Bologna,€375K,€2K,1345,Right,1,2,2,Medium/ Medium,Lean,No,CB,25,6-Aug-18,,2023,6'1,168lbs
14819,242752,N. Ferguson,17,England,60,75,West Bromwich Albion,€375K,€2K,1356,Right,1,3,2,Medium/ Medium,Normal,No,CB,36,21-Dec-17,,2019,5'11,154lbs
14831,243525,R. Ljubicic,18,Austria,60,70,SKN St. Pölten,€300K,€1K,1566,Right,1,3,2,Medium/ Medium,Lean,No,CM,39,12-May-18,,2021,5'11,168lbs
14838,242506,A. Majrashi,18,Saudi Arabia,60,74,Al Shabab,€375K,€2K,1478,Right,1,2,2,High/ High,Normal,No,RB,26,1-Jan-18,,2021,5'7,141lbs
14845,243277,J. Mukena,18,Belgium,60,74,Watford,€375K,€3K,1347,Right,1,2,2,Low/ Medium,Lean,No,CB,48,1-Jul-17,,2019,6'0,159lbs
14860,237395,V. van den Bogert,18,Netherlands,60,71,Willem II,€290K,€1K,1337,Right,1,3,2,Medium/ Medium,Normal,No,CB,27,1-Jan-17,,2020,6'1,179lbs
14862,244307,I. Camara,17,France,60,76,Red Star FC,€425K,€1K,1484,Right,1,3,2,Medium/ Low,Normal,No,ST,35,1-Jul-18,,2021,5'10,161lbs
14883,245339,V. Drkuši?,18,Slovenia,60,75,SC Heerenveen,€375K,€1K,1417,Right,1,1,2,Medium/ Medium,Normal,No,CB,27,1-Jan-16,,2020,6'1,176lbs
14892,239965,J. Valencia,18,Colombia,60,79,Millonarios FC,€425K,€1K,1404,Left,1,3,2,Medium/ Medium,Lean,No,ST,16,23-Jun-17,,2018,6'2,176lbs
14898,245856,M. Batmaz,18,Turkey,60,73,Karlsruher SC,€375K,€1K,1388,Right,1,3,2,Medium/ Medium,Normal,No,ST,31,25-Aug-18,,2021,5'11,170lbs
14901,240481,V. Demaku,18,Austria,60,76,FK Austria Wien,€375K,€1K,1506,Right,1,3,2,Medium/ High,Lean,No,CDM,5,1-Jul-17,,2021,5'10,159lbs
14902,245601,C. Sánchez,18,Cuba,60,75,Real Sporting de Gijón,€350K,€1K,921,Left,1,2,1,Medium/ Medium,Normal,No,GK,30,1-Jul-17,,2021,6'4,194lbs
14922,243049,M. Viviani,17,Italy,60,82,Brescia,€400K,€1K,1660,Right,1,3,2,Medium/ Medium,Lean,No,CDM,24,24-Mar-18,,2021,5'11,148lbs
14928,245867,J. Ngando,18,Cameroon,60,71,Amiens SC,€325K,€2K,1448,Right,1,2,3,High/ Medium,Lean,No,LW,36,1-Jul-18,,2021,5'7,132lbs
14957,244859,J. David,18,Germany,60,79,Hamburger SV,€375K,€1K,1474,Right,1,3,2,Medium/ High,Normal,No,CDM,34,1-Jul-18,,2021,6'3,196lbs
14958,245371,T. Almada,17,Argentina,60,80,Vélez Sarsfield,€400K,€1K,1589,Right,1,3,2,Medium/ Medium,Normal,No,ST,23,23-Jul-18,,2021,5'7,137lbs
14960,245372,M. Acikgöz,18,Turkey,60,73,Be?ikta? JK,€375K,€3K,1594,Right,1,2,2,Medium/ Low,Lean,No,CM,43,1-Jul-18,,2019,5'11,165lbs
14977,234369,M. Mølvadgaard,18,Denmark,60,73,Randers FC,€375K,€1K,1458,Right,1,3,3,Medium/ Medium,Normal,No,ST,70,14-Aug-16,,2020,6'2,181lbs
14980,241027,B. Galván,17,Argentina,60,77,Club Atlético Colón,€425K,€1K,1620,Right,1,3,2,Medium/ Medium,Lean,No,ST,29,1-Jul-17,,2021,5'5,143lbs
14992,240776,S. Laiton,18,France,60,82,AJ Auxerre,€400K,€1K,1074,Right,1,2,1,Medium/ Medium,Lean,No,GK,30,1-Jul-17,,2020,6'6,176lbs
15013,246415,N. Fadiga,18,Belgium,60,79,Club Brugge KV,€425K,€2K,1487,Left,1,5,2,High/ Medium,Lean,No,CAM,93,1-Jul-16,,2020,5'11,143lbs
15054,243360,N. Fröling,18,Sweden,60,73,Kalmar FF,€375K,€1K,1580,Right,1,3,2,Medium/ Medium,Normal,No,LS,31,29-Apr-18,,2021,5'9,163lbs
15058,242850,S. Asta,17,Germany,60,81,FC Augsburg,€400K,€1K,1485,Right,1,3,3,Medium/ Medium,Normal,No,RB,26,3-Mar-18,,2020,5'10,165lbs
15088,246191,J. Álvarez,18,Argentina,60,80,River Plate,€425K,€2K,1439,Right,1,3,2,High/ Low,Normal,No,ST,9,30-Aug-18,,2021,5'7,143lbs
15104,246455,Pablo Ramón,17,Spain,60,81,RCD Mallorca,€400K,€1K,1443,Right,1,3,2,Medium/ Medium,Normal,No,CB,32,1-Jul-18,,2019,6'1,168lbs
15131,241858,A. Bamba,18,Ivory Coast,60,79,Paris FC,€375K,€1K,1396,Right,1,3,2,Medium/ Medium,Normal,No,CB,15,1-Jul-18,,2019,6'0,187lbs
15135,243397,Daniel Rebollo,18,Spain,60,74,Real Betis,€350K,€1K,943,Right,1,3,1,Medium/ Medium,Lean,No,GK,31,1-Jul-17,,2019,5'11,165lbs
15149,242635,I. Ogbu,18,Nigeria,60,73,Rosenborg BK,€325K,€1K,1494,Right,1,3,2,Medium/ High,Lean,No,CB,30,17-Feb-18,,2021,6'2,172lbs
15157,240334,Z. Medley,17,England,60,78,Arsenal,€375K,€5K,1355,Right,1,3,2,Medium/ High,Lean,No,CB,47,2-Aug-17,,2019,6'4,165lbs
15168,243156,Álvaro García,18,Spain,60,76,Albacete BP,€425K,€1K,1592,Left,1,3,2,Medium/ Medium,Lean,No,CM,27,14-Jul-17,,2022,6'0,154lbs
15174,241877,M. Molina,18,Argentina,60,77,Independiente,€425K,€2K,1441,Right,1,3,2,Medium/ Medium,Lean,No,ST,26,9-Dec-17,,2021,6'0,159lbs
15181,246231,E. Reijnders,17,Netherlands,60,77,PEC Zwolle,€400K,€1K,1487,Right,1,3,3,Medium/ Medium,Normal,No,LM,30,1-Jul-18,,2021,5'6,123lbs
15186,240345,I. Kanu,18,England,60,75,Port Vale,€425K,€1K,1452,Right,1,3,2,High/ Low,Normal,No,ST,17,,Peterborough United,30-Jun-19,6'0,165lbs
15204,246237,E. Bullaude,17,Argentina,60,75,Godoy Cruz,€425K,€1K,1432,Right,1,3,2,Medium/ Medium,Lean,No,ST,33,19-Oct-18,,2021,6'0,165lbs
15210,241632,B. Garré,17,Argentina,60,78,Manchester City,€400K,€7K,1518,Left,1,3,3,Medium/ Medium,Lean,No,LW,73,15-Jul-17,,2020,5'7,139lbs
15242,236008,B. Morris,18,England,60,77,Forest Green Rovers,€425K,€1K,1446,Right,1,3,2,Medium/ Medium,Lean,No,ST,22,,Ipswich Town,30-Jun-19,5'9,132lbs
15247,244714,M. Bokoum,18,Belgium,60,71,AS Béziers,€325K,€1K,1445,Left,1,3,3,Medium/ Medium,Lean,No,LM,18,1-Jul-18,,2021,5'10,157lbs
15265,241394,A. Akinola,18,United States,60,79,Toronto FC,€425K,€1K,1515,Right,1,3,2,High/ Medium,Normal,No,ST,46,24-Dec-17,,2018,5'7,181lbs
15272,242420,V. Millico,17,Italy,60,78,Torino,€400K,€3K,1438,Right,1,3,3,High/ Medium,Normal,No,LW,62,1-Jul-17,,2021,5'8,150lbs
15275,242677,V. Drchal,18,Czech Republic,60,76,Sparta Praha,€425K,€1K,1426,Right,1,3,2,High/ Medium,Normal,No,ST,20,1-Jan-18,,2020,6'1,176lbs
15293,240123,L. Plogmann,18,Germany,60,81,SV Werder Bremen,€400K,€1K,1018,Right,1,4,1,Medium/ Medium,Normal,No,GK,40,1-Jul-18,,2021,6'2,172lbs
15305,237825,N. Kirby,18,England,59,79,Crystal Palace,€325K,€3K,1474,Right,1,3,3,Medium/ Medium,Lean,No,CAM,39,8-Feb-17,,2022,5'8,146lbs
15318,243975,G. K?l?ç,18,Germany,59,76,1. FC Heidenheim 1846,€325K,€1K,1566,Right,1,3,3,Medium/ Medium,Normal,No,LM,37,1-Jul-18,,2021,6'0,163lbs
15322,241160,G. McEachran,17,England,59,81,Chelsea,€350K,€6K,1516,Left,1,3,3,Medium/ Medium,Lean,No,CAM,55,30-Aug-17,,2019,5'9,143lbs
15323,245000,N. Mekonnen,18,Germany,59,75,RB Leipzig,€290K,€2K,1546,Right,1,3,2,Medium/ Medium,Normal,No,CDM,34,1-Jul-18,,2019,5'10,143lbs
15340,241422,K. Hansen,17,Norway,59,72,Southampton,€270K,€3K,1502,Left,1,3,3,High/ Low,Normal,No,CAM,48,15-May-18,,2019,5'11,165lbs
15363,245015,Y. Roemer,16,Netherlands,59,75,VVV-Venlo,€300K,€1K,1442,Right,1,2,3,Medium/ Medium,Lean,No,ST,38,1-Jul-18,,2019,5'11,154lbs
15383,241186,V. Kušej,18,Czech Republic,59,77,SG Dynamo Dresden,€325K,€2K,1482,Left,1,3,2,Medium/ Low,Normal,No,CF,32,8-Sep-17,,2022,5'6,143lbs
15393,245800,A. Busti,18,Canada,59,77,,€ 0,€ 0,956,Right,1,2,1,Medium/ Medium,Normal,No,GK,23,,,,6'0,165lbs
15406,246064,J. Peñaloza,18,Colombia,59,77,SD Huesca,€325K,€2K,1443,Right,1,4,2,High/ Low,Normal,No,RW,33,19-Sep-18,,2023,5'8,141lbs
15408,239666,T. Müsel,18,Germany,59,76,Borussia Mönchengladbach,€325K,€2K,1488,Right,1,3,2,Medium/ Medium,Lean,No,ST,26,1-Jul-18,,2020,6'1,168lbs
15419,238389,B. Wilmot,18,England,59,79,Watford,€290K,€3K,1310,Right,1,3,2,Medium/ Medium,Lean,No,CB,24,24-May-18,,2023,6'2,176lbs
15422,246070,Iván Jaime,17,Spain,59,74,Málaga CF,€300K,€1K,1577,Right,1,3,2,Medium/ Medium,Lean,No,CM,34,9-Sep-18,,2019,5'11,159lbs
15430,243514,J. Meier,18,Germany,59,75,FC Bayern München,€290K,€3K,1511,Left,1,3,2,Medium/ Medium,Lean,No,LB,23,28-Sep-18,,2021,5'10,172lbs
15435,239676,K. Taylor,18,England,59,72,Bournemouth,€280K,€4K,1539,Right,1,3,3,Medium/ Medium,Lean,No,CAM,28,4-Jul-17,,2020,5'10,154lbs
15441,243519,V. Burgoa,17,Argentina,59,74,Godoy Cruz,€300K,€1K,1618,Left,1,2,2,High/ High,Lean,No,LCM,39,18-Apr-18,,2020,5'9,150lbs
15465,242250,G. Verón,17,Argentina,59,79,Argentinos Juniors,€300K,€1K,1448,Right,1,3,2,High/ Low,Normal,No,ST,16,28-Jan-18,,2021,6'0,181lbs
15466,239947,R. Meraz,18,Mexico,59,71,Monarcas Morelia,€230K,€1K,1510,Right,1,2,2,Low/ Medium,Normal,No,CDM,25,1-Jul-17,,2018,5'10,172lbs
15481,244050,W. Burger,17,Netherlands,59,79,Feyenoord,€300K,€1K,1610,Left,1,4,3,Medium/ Medium,Lean,No,CM,35,30-Mar-17,,2020,6'3,161lbs
15496,245592,I. El Kabbou,18,Morocco,59,78,CF Reus Deportiu,€325K,€1K,1468,Left,1,2,2,Medium/ Low,Normal,No,ST,31,1-Jul-17,,2019,5'9,148lbs
15501,245338,T. van den Belt,17,Netherlands,59,74,PEC Zwolle,€300K,€1K,1546,Right,1,3,3,Medium/ Medium,Normal,No,CM,22,1-Jul-18,,2021,5'9,148lbs
15505,245084,M. Busi,18,Belgium,59,72,Sporting de Charleroi,€250K,€1K,1385,Right,1,3,2,Medium/ Medium,Normal,No,CB,4,1-Jul-18,,2019,5'11,165lbs
15514,242530,N. Okafor,18,Switzerland,59,79,FC Basel 1893,€325K,€2K,1558,Left,1,3,3,Medium/ Low,Normal,No,LM,11,31-Jan-18,,2020,6'1,187lbs
15519,244579,E. Lara,18,Mexico,59,75,Club León,€290K,€2K,1520,Left,1,3,2,Medium/ High,Lean,No,LB,34,1-Jul-18,,2021,5'9,139lbs
15521,243044,N. Ofoborh,18,Nigeria,59,75,Bournemouth,€290K,€3K,1566,Right,1,3,2,Medium/ Medium,Lean,No,CDM,59,16-Dec-17,,2020,6'0,170lbs
15527,236905,B. Provoste,18,Chile,59,79,Colo-Colo,€325K,€1K,1499,Right,1,4,2,High/ Medium,Lean,No,CAM,27,4-Dec-16,,2020,5'10,150lbs
15539,240756,P. Sussek,18,Germany,59,75,FC Ingolstadt 04,€325K,€2K,1431,Right,1,3,3,Medium/ Medium,Lean,No,CAM,37,22-Apr-17,,2021,5'9,150lbs
15565,246145,I. Aliseda,18,Argentina,59,75,Defensa y Justicia,€325K,€1K,1466,Right,1,3,2,Medium/ Medium,Normal,No,LM,31,28-Sep-18,,2021,5'7,152lbs
15572,244613,A. Nava,18,Mexico,59,76,Club Tijuana,€325K,€2K,1588,Right,1,3,2,Medium/ Medium,Lean,No,CM,31,1-Jul-18,,2021,5'7,139lbs
15577,237704,João Virgínia,18,Portugal,59,76,Everton,€260K,€2K,883,Right,1,3,1,Medium/ Medium,Normal,No,GK,33,3-Aug-18,,2021,6'3,176lbs
15589,244367,T. Kucz,18,Poland,59,75,Bayer 04 Leverkusen,€260K,€2K,866,Right,1,3,1,Medium/ Medium,Normal,No,GK,40,1-Jul-18,,2019,6'0,183lbs
15602,243350,F. Agu,18,Germany,59,73,VfL Osnabrück,€290K,€1K,1611,Right,1,3,3,High/ Medium,Lean,No,LB,27,28-Apr-18,,2019,5'5,132lbs
15619,243618,L. Fadinger,17,Austria,59,72,SK Sturm Graz,€270K,€2K,1518,Right,1,3,3,Medium/ Medium,Lean,No,CAM,21,20-May-18,,2021,5'8,143lbs
15621,245155,M. Kudus,17,Ghana,59,79,FC Nordsjælland,€300K,€1K,1562,Left,1,3,3,High/ Medium,Normal,No,CF,39,2-Aug-18,,2021,5'7,154lbs
15625,239269,L. Ndenbe,18,Belgium,59,74,KV Oostende,€290K,€1K,1510,Left,1,3,2,Medium/ Medium,Normal,No,LB,22,1-Jul-17,,2020,5'7,163lbs
15626,240805,Dai Wai-Tsun,18,Hong Kong,59,71,Oxford United,€250K,€1K,1534,Right,1,3,2,High/ Low,Lean,No,CM,25,9-Aug-18,,2020,5'9,165lbs
15628,237478,M. Curry,18,England,59,76,Middlesbrough,€325K,€4K,1443,Right,1,3,2,Medium/ Medium,Normal,No,ST,44,12-Oct-16,,2021,5'7,165lbs
15640,242604,T. Klup?,18,Poland,59,76,Lech Pozna?,€325K,€1K,1469,Right,1,3,2,Medium/ Medium,Lean,No,RM,34,11-Dec-17,,2022,5'10,170lbs
15645,240559,Obama,18,Spain,59,79,Atlético Madrid,€325K,€4K,1452,Right,1,3,2,Medium/ Medium,Normal,No,ST,27,1-Jul-17,,2019,5'7,154lbs
15658,245429,J. Atanasov,18,FYR Macedonia,59,76,Bursaspor,€290K,€1K,1544,Right,1,3,2,Medium/ Medium,Lean,No,CDM,99,1-Jul-18,,2022,6'2,165lbs
15669,245691,A. Barreal,17,Argentina,59,73,Vélez Sarsfield,€300K,€1K,1455,Left,1,3,2,Medium/ Low,Lean,No,RW,31,29-Jun-18,,2021,5'8,146lbs
15676,244671,M. Kadlec,18,Austria,59,75,FC Admira Wacker Mödling,€325K,€1K,1456,Right,1,3,3,Medium/ Low,Lean,No,CAM,20,1-Jan-18,,2021,6'0,154lbs
15680,244673,M. Daly,17,England,59,80,Huddersfield Town,€325K,€3K,1602,Right,1,3,2,Medium/ Medium,Lean,No,CM,41,17-Jul-18,,2021,5'9,165lbs
15682,240835,E. Elizalde,18,Uruguay,59,79,Pescara,€290K,€1K,1405,Left,1,2,2,Medium/ Medium,Normal,No,LB,15,25-Jul-18,,2022,5'10,172lbs
15683,245699,G. León,18,Mexico,59,74,Deportivo Toluca,€325K,€2K,1410,Right,1,4,2,High/ Medium,Lean,No,ST,90,1-Jan-18,,2021,5'9,134lbs
15684,240836,S. Çetin,17,Germany,59,80,Eintracht Frankfurt,€300K,€2K,1660,Right,1,3,3,High/ Medium,Lean,No,CDM,30,1-Jul-17,,2020,5'9,154lbs
15685,246469,A. Urzi,18,Argentina,59,76,Club Atlético Banfield,€325K,€1K,1436,Right,1,2,2,Medium/ Medium,Normal,No,RM,35,30-Nov-18,,2021,5'6,141lbs
15697,245705,Iker Goujón,18,Spain,59,75,CF Reus Deportiu,€325K,€1K,1608,Right,1,3,2,Medium/ Medium,Lean,No,CM,36,1-Jul-17,,2019,5'8,148lbs
15712,239311,M. Hoxha,18,Belgium,59,72,KV Kortrijk,€280K,€1K,1491,Right,1,4,2,Medium/ Medium,Lean,No,CAM,17,7-Apr-17,,2019,5'9,163lbs
15718,244690,T. Matthews,17,South Africa,59,79,Borussia Dortmund,€300K,€3K,1458,Left,1,4,3,Medium/ Medium,Lean,No,CAM,50,6-Sep-18,,2021,5'9,154lbs
15728,245721,G. Azzinnari,17,Italy,59,83,Cosenza,€350K,€1K,1471,Right,1,2,2,High/ Low,Lean,No,ST,35,1-Jul-18,,2020,5'10,146lbs
15737,242652,B. Mines,18,United States,59,78,New York Red Bulls,€325K,€1K,1532,Right,1,3,2,Medium/ Medium,Normal,No,RM,17,8-Jan-18,,2019,5'9,150lbs
15741,244702,S. Akgün,18,Turkey,59,78,BB Erzurumspor,€325K,€1K,1567,Left,1,3,2,Medium/ Low,Normal,No,CM,61,3-Jul-18,,2023,5'9,165lbs
15746,243169,Y. Begraoui,16,France,59,81,AJ Auxerre,€350K,€1K,1434,Right,1,5,2,High/ Low,Lean,No,ST,19,1-Jul-18,,2019,5'9,137lbs
15755,244707,E. Celebi,18,Germany,59,74,1. FC Nürnberg,€290K,€1K,1331,Right,1,4,2,Low/ Medium,Normal,No,CB,41,18-Jul-18,,2019,6'0,150lbs
15782,245742,M. Rieder,18,Netherlands,59,74,ADO Den Haag,€325K,€1K,1522,Right,1,3,2,Medium/ Medium,Normal,No,CAM,21,1-Jul-18,,2019,5'9,157lbs
15786,245999,Mollejo,17,Spain,59,79,Atlético Madrid,€300K,€4K,1480,Left,1,3,3,Medium/ Medium,Lean,No,RW,40,1-Jul-18,,2020,5'9,141lbs
15793,241650,J. Lahne,16,Sweden,59,77,IF Brommapojkarna,€300K,€1K,1640,Right,1,3,2,Medium/ Medium,Lean,No,ST,25,17-Jun-17,,2020,5'7,150lbs
15799,246259,A. Grijalva,17,Mexico,59,73,Monterrey,€280K,€2K,1332,Right,1,2,2,Medium/ Medium,Normal,No,CB,38,1-Jul-18,,2021,5'10,121lbs
15803,245749,A. Baroan,18,France,59,75,Chamois Niortais Football Club,€325K,€1K,1521,Left,1,3,2,Medium/ Medium,Lean,No,ST,33,1-Jul-18,,2021,6'2,172lbs
15805,238326,M. Candlin,18,England,59,75,Blackburn Rovers,€325K,€1K,1499,Right,1,3,2,Medium/ Medium,Lean,No,ST,39,,Walsall,1-Jan-19,6'0,163lbs
15819,242429,L. Cacace,17,New Zealand,59,73,Wellington Phoenix,€270K,€1K,1553,Right,1,3,2,High/ Medium,Lean,No,LWB,13,1-Jul-16,,2020,5'7,146lbs
15822,241150,J. Mbom,18,Germany,59,78,SV Werder Bremen,€325K,€2K,1549,Right,1,3,3,Medium/ Medium,Lean,No,CM,34,1-Jul-18,,2021,5'10,163lbs
15823,242430,S. van Dijck,17,Netherlands,59,72,VVV-Venlo,€230K,€1K,1319,Right,1,3,2,Medium/ High,Normal,No,CB,30,1-Jul-17,,2019,6'4,176lbs
15842,243973,T. Reithmeir,18,Germany,58,75,1. FC Heidenheim 1846,€240K,€1K,1266,Right,1,3,2,Medium/ Medium,Normal,No,CB,34,1-Jul-18,,2019,6'3,192lbs
15843,245253,L. Barreiro Martins,18,Luxembourg,58,76,1. FSV Mainz 05,€260K,€2K,1568,Right,1,3,2,Medium/ Medium,Lean,No,CM,35,1-Jul-18,,2022,5'9,143lbs
15846,241159,M. Guehi,17,England,58,78,Chelsea,€230K,€4K,1329,Right,1,2,2,Medium/ Medium,Normal,No,CB,53,13-Jul-17,,2020,6'0,165lbs
15849,242184,A. Amade,18,Germany,58,77,TSG 1899 Hoffenheim,€230K,€2K,1459,Right,1,3,2,Medium/ Medium,Lean,No,RWB,41,17-Jan-18,,2022,5'7,139lbs
15850,245001,L. Krüger,18,Germany,58,72,RB Leipzig,€260K,€3K,1379,Right,1,3,2,Medium/ Medium,Lean,No,ST,38,1-Jul-18,,2019,6'2,170lbs
15869,242961,S. Duke-McKenna,17,England,58,74,Bolton Wanderers,€250K,€1K,1494,Right,1,3,2,Medium/ Medium,Lean,No,RM,43,1-Jul-18,,2021,5'7,143lbs
15873,242196,M. Real,18,United States,58,76,Philadelphia Union,€230K,€1K,1492,Left,1,3,2,Medium/ Medium,Normal,No,LB,32,18-Jan-18,,2021,5'11,161lbs
15874,245780,F. Schwarzholz,18,Germany,58,73,FC Augsburg,€240K,€1K,1489,Right,1,3,2,Medium/ Medium,Normal,No,CDM,40,28-Aug-18,,2022,5'11,165lbs
15888,235807,A. Morley,18,England,58,72,Rochdale,€260K,€1K,1541,Right,1,3,2,Medium/ Medium,Normal,No,CM,28,1-Aug-16,,2019,6'0,159lbs
15895,244515,C. Antwi,18,Ghana,58,71,FC Nordsjælland,€200K,€1K,1572,Left,1,3,3,Medium/ Medium,Normal,No,LWB,38,1-Jul-18,,2021,5'7,154lbs
15897,242214,J. Sands,17,United States,58,75,New York City FC,€230K,€1K,1506,Right,1,3,2,Medium/ High,Lean,No,CDM,16,1-Jul-17,,2021,5'11,161lbs
15900,240170,K. Niemczycki,18,Poland,58,73,NAC Breda,€210K,€1K,854,Right,1,3,1,Medium/ Medium,Lean,No,GK,26,1-Jul-17,,2019,6'4,185lbs
15902,243242,Park Ji Min,18,Korea Republic,58,74,Suwon Samsung Bluewings,€210K,€1K,847,Right,1,3,1,Medium/ Medium,Normal,No,GK,29,20-Apr-18,,2021,6'2,190lbs
15906,245806,M. Kahr?man,18,Turkey,58,73,Medipol Ba?ak?ehir FK,€260K,€2K,1392,Right,1,3,2,High/ Low,Lean,No,ST,31,1-Aug-18,,2023,5'9,137lbs
15912,242994,K. Kesgin,17,Turkey,58,74,Göztepe SK,€250K,€2K,1669,Right,1,2,2,Medium/ Low,Lean,No,CM,60,31-Jan-18,,2020,5'10,168lbs
15915,238134,T. Cuello,18,Argentina,58,79,Atlético Tucumán,€290K,€1K,1463,Right,1,3,2,Medium/ Medium,Lean,No,LM,28,1-Jan-17,,2022,5'10,141lbs
15924,242233,G. Tryggvason,18,Iceland,58,68,IK Start,€190K,€1K,1449,Right,1,3,2,Medium/ Medium,Lean,No,RW,17,12-Jan-18,,2020,6'0,154lbs
15925,241978,C. Higuera,17,Mexico,58,72,Club Tijuana,€200K,€1K,922,Right,1,3,1,Medium/ Medium,Lean,No,GK,81,1-Jan-16,,2021,6'0,170lbs
15941,246336,M. Miljevic,17,United States,58,78,Argentinos Juniors,€230K,€1K,1531,Right,1,2,2,Medium/ Medium,Normal,No,CDM,31,9-Nov-18,,2021,5'10,159lbs
15957,239689,M. Sprang,17,Germany,58,67,FSV Zwickau,€120K,€1K,829,Right,1,3,1,Medium/ Medium,Normal,No,GK,26,1-Jul-17,,2019,6'4,174lbs
15960,246602,A. Canessa,18,Italy,58,73,Livorno,€260K,€1K,1335,Right,1,3,2,Medium/ Medium,Normal,No,ST,37,1-Jul-16,,2021,6'1,176lbs
15967,246351,Valery,18,Spain,58,75,Girona FC,€260K,€2K,1427,Right,1,3,3,Medium/ Medium,Lean,No,LM,34,1-Jul-18,,2021,5'11,165lbs
15981,241493,S. Cartwright,17,England,58,70,Peterborough United,€170K,€1K,1336,Right,1,2,2,Medium/ Medium,Normal,No,CB,33,1-Jul-17,,2019,6'1,165lbs
15983,245846,Y. Oyanedel,17,Chile,58,78,Universidad Católica,€220K,€1K,1551,Left,1,3,2,Medium/ Medium,Stocky,No,LB,15,1-Jul-17,,2019,5'7,146lbs
15987,246616,José Uche,18,Spain,58,69,SD Huesca,€180K,€1K,1381,Left,1,2,2,Low/ High,Lean,No,CB,26,1-Jul-18,,2019,6'0,161lbs
15992,240987,M. Cooper,18,England,58,78,Plymouth Argyle,€210K,€1K,877,Right,1,3,1,Medium/ Medium,Normal,No,GK,31,8-Mar-18,,2020,5'11,165lbs
16000,240734,M. O'Riley,17,England,58,78,Fulham,€250K,€3K,1508,Left,1,3,2,Medium/ Medium,Lean,No,CM,33,1-Jul-17,,2020,6'2,170lbs
16005,243810,L. Ingolotti,18,Argentina,58,80,Club Atlético Aldosivi,€240K,€1K,903,Right,1,2,1,Medium/ Medium,Normal,No,GK,31,1-Jul-17,,2022,5'11,172lbs
16008,245347,M. Bauer,18,Germany,58,73,SpVgg Greuther Fürth,€240K,€1K,1285,Right,1,3,2,Medium/ Medium,Normal,No,CB,38,10-Aug-18,,2020,6'2,174lbs
16015,245863,V. Gendrey,18,France,58,70,Amiens SC,€180K,€1K,1462,Right,1,2,2,Medium/ Medium,Normal,No,RB,35,1-Jul-18,,2021,5'10,165lbs
16028,244592,J. von Moos,17,Switzerland,58,84,FC Basel 1893,€280K,€2K,1421,Left,1,3,2,Medium/ Medium,Normal,No,ST,18,9-Jul-18,,2021,5'10,157lbs
16038,242548,A. Manzur,17,Argentina,58,75,Godoy Cruz,€250K,€1K,1562,Right,1,3,2,High/ High,Lean,No,CM,16,1-Jan-18,,2021,5'7,143lbs
16040,246133,T. Sopacua,18,Netherlands,58,69,FC Groningen,€170K,€1K,1443,Right,1,2,2,Medium/ Medium,Lean,No,RB,67,30-Sep-18,,2019,5'9,154lbs
16049,236923,R. Cooney,18,England,58,69,Bury,€170K,€1K,1574,Right,1,3,2,Medium/ Medium,Normal,No,RWB,16,1-Jul-16,,2020,5'9,150lbs
16063,245382,A. Rosteghin,18,Italy,58,78,Cittadella,€210K,€1K,944,Left,1,2,1,Medium/ Medium,Normal,No,GK,12,1-Jul-18,,2021,5'11,165lbs
16065,238983,N. Awuku,18,Germany,58,77,Holstein Kiel,€260K,€1K,1397,Right,1,3,2,Medium/ Medium,Normal,No,ST,28,1-Jul-17,,2021,6'0,185lbs
16068,240779,M. Meli,18,Italy,58,78,Fiorentina,€260K,€4K,1454,Right,1,3,3,Medium/ Medium,Lean,No,RW,73,1-Jul-17,,2021,5'10,154lbs
16074,246157,E. Pletinckx,17,Belgium,58,76,SV Zulte-Waregem,€230K,€1K,1256,Right,1,3,2,Medium/ Medium,Normal,No,CB,62,1-Jul-17,,2020,6'3,187lbs
16076,243854,M. Simakan,18,France,58,69,RC Strasbourg Alsace,€180K,€1K,1301,Right,1,2,2,Medium/ Medium,Normal,No,CB,37,1-Jul-18,,2021,6'2,181lbs
16081,241552,J. Italiano,16,Australia,58,79,Perth Glory,€280K,€1K,1434,Right,1,2,3,High/ Medium,Lean,No,LM,26,15-Oct-17,,2019,5'7,143lbs
16092,241046,J. Romero,17,Argentina,58,81,Atlético Tucumán,€280K,€1K,1484,Right,1,3,2,Medium/ Medium,Lean,No,ST,30,14-Jul-17,,2022,5'3,130lbs
16099,242841,A. Appiah,17,England,58,81,Nottingham Forest,€280K,€4K,1424,Left,1,3,3,Medium/ Medium,Lean,No,RW,43,24-Jan-18,,2020,5'8,139lbs
16109,245150,C. Trejo,18,Mexico,58,77,Club Atlas,€260K,€2K,1398,Right,1,3,2,High/ Low,Lean,No,ST,33,1-Jul-18,,2021,5'10,154lbs
16110,243871,S. High,17,England,58,74,Huddersfield Town,€250K,€3K,1544,Right,1,3,2,Medium/ Medium,Lean,No,CM,46,26-Apr-18,,2019,5'10,143lbs
16112,243872,M. Obiero,17,England,58,73,Huddersfield Town,€250K,€3K,1412,Right,1,2,2,Medium/ Low,Lean,No,ST,49,26-Apr-18,,2019,5'10,150lbs
16114,236961,T. Attis,18,Argentina,58,75,Belgrano de Córdoba,€260K,€1K,1401,Right,1,3,2,High/ Low,Normal,No,ST,28,18-Dec-16,,2019,5'11,172lbs
16123,242600,N. Strunck,18,Denmark,58,71,FC Nordsjælland,€230K,€1K,1576,Right,1,4,2,Medium/ Medium,Normal,No,CM,19,15-Jan-18,,2021,6'1,163lbs
16129,242603,H. Marcelin,18,France,58,74,AJ Auxerre,€240K,€1K,1273,Left,1,3,2,Medium/ Medium,Lean,No,CB,24,1-Jul-18,,2023,6'6,187lbs
16130,243371,M. Jørgensen,17,Denmark,58,74,Odense Boldklub,€250K,€1K,1411,Right,1,3,2,Medium/ Medium,Normal,No,ST,25,18-Mar-18,,2021,6'0,154lbs
16133,244140,A. Bakir,17,Germany,58,76,Borussia Dortmund,€250K,€3K,1434,Right,1,3,3,Medium/ Medium,Normal,No,RM,42,1-Jul-18,,2021,5'10,152lbs
16137,238767,J. Urzúa,18,Chile,58,76,CD Huachipato,€260K,€1K,1444,Right,1,3,2,Medium/ Medium,Lean,No,RCM,24,1-Jan-18,,2019,5'8,150lbs
16140,243121,D. Liszka,18,Poland,58,68,Górnik Zabrze,€190K,€1K,1486,Left,1,3,2,Medium/ Medium,Normal,No,LM,11,22-Mar-18,,2019,5'9,172lbs
16141,245426,M. Kumbulla,18,Albania,58,75,Hellas Verona,€240K,€1K,1289,Right,1,3,2,Medium/ Medium,Lean,No,CB,24,1-Jul-16,,2020,6'1,172lbs
16145,245940,S. Wamangituka,18,Congo,58,77,Paris FC,€260K,€1K,1358,Right,1,3,2,Medium/ Medium,Normal,No,ST,28,1-Jul-18,,2021,6'2,185lbs
16154,244919,Martín,18,Spain,58,73,Rayo Vallecano,€240K,€1K,1278,Right,1,3,2,Medium/ Medium,Normal,No,CB,31,1-Jul-17,,2022,5'11,165lbs
16155,239800,S. Sessegnon,18,England,58,77,Fulham,€230K,€3K,1461,Right,1,3,2,Medium/ Medium,Lean,Yes,RB,43,28-Jun-17,,2020,5'9,152lbs
16160,244417,J. Krahl,18,Germany,58,72,RB Leipzig,€210K,€1K,913,Right,1,3,1,Medium/ Medium,Normal,No,GK,32,1-Jul-18,,2019,6'4,181lbs
16170,240584,B. Verbong,18,Netherlands,58,70,VVV-Venlo,€160K,€1K,876,Right,1,2,1,Medium/ Medium,Normal,No,GK,22,1-Jul-16,,2019,6'1,176lbs
16172,243913,S. Micolta,18,Ecuador,58,75,Unión La Calera,€260K,€1K,1512,Right,1,2,2,Medium/ Medium,Lean,No,ST,19,15-Jul-18,,2021,5'11,154lbs
16173,236234,C. Huanca,17,Chile,58,76,Deportes Iquique,€250K,€1K,1353,Right,1,3,2,Medium/ Medium,Normal,No,ST,36,4-Jun-17,,2019,6'0,154lbs
16190,242385,T. Abraham,17,England,58,76,Fulham,€250K,€4K,1373,Right,1,3,2,High/ Medium,Lean,No,ST,51,1-Jul-17,,2020,6'1,170lbs
16196,244692,J. Christensen,17,Denmark,58,73,FC Nordsjælland,€250K,€1K,1522,Right,1,3,2,Medium/ Medium,Normal,No,CM,22,1-Jan-18,,2021,5'11,152lbs
16197,243669,J. Anthony,18,England,58,73,Bournemouth,€260K,€4K,1443,Left,1,3,2,High/ Medium,Lean,No,ST,56,26-May-18,,2019,5'9,137lbs
16198,243670,J. Boote,18,England,58,71,Bournemouth,€230K,€4K,1585,Right,1,3,2,Medium/ Medium,Lean,No,CM,60,26-May-18,,2019,5'9,139lbs
16199,233687,T. Odusina,18,England,58,74,Norwich City,€240K,€2K,1297,Right,1,2,2,Medium/ Medium,Lean,No,CB,41,4-Apr-16,,2021,6'1,163lbs
16213,237536,M. ?nan,18,Turkey,58,72,Antalyaspor,€260K,€1K,1565,Right,1,3,2,Medium/ Medium,Lean,No,CM,31,27-Jan-17,,2019,6'0,161lbs
16224,243943,Javi López,17,Spain,58,71,Elche CF,€210K,€1K,1574,Right,1,3,2,Medium/ Medium,Normal,No,CM,29,1-Jul-17,,2019,5'9,154lbs
16228,245994,A. Gomez Mancini,17,France,58,76,Angers SCO,€250K,€2K,1543,Left,1,3,3,Medium/ Medium,Normal,No,CAM,14,5-Sep-18,,2021,5'11,154lbs
16229,242411,S. Santoro,18,Italy,58,78,Palermo,€260K,€1K,1699,Right,1,3,2,Medium/ Medium,Lean,No,CM,26,1-Jul-17,,2020,5'11,163lbs
16235,245230,M. Salaba,18,Austria,58,71,SV Mattersburg,€180K,€1K,843,Right,1,2,1,Medium/ Medium,Normal,No,GK,22,1-Jul-18,,2021,6'2,170lbs
16241,242162,H. Evjen,18,Norway,58,70,FK Bodø/Glimt,€210K,€1K,1486,Right,1,2,2,Medium/ Medium,Lean,No,RW,26,7-Aug-17,,2020,5'9,154lbs
16242,243442,E. Aiwu,17,Austria,58,76,FC Admira Wacker Mödling,€230K,€1K,1453,Right,1,3,2,Low/ Medium,Lean,No,RCB,27,5-May-18,,2021,6'0,170lbs
16248,244725,E. Linthorst,18,Netherlands,58,70,VVV-Venlo,€210K,€1K,1550,Right,1,2,2,Medium/ Medium,Normal,No,CM,29,1-Jul-18,,2019,6'0,161lbs
16250,243959,L. Schneider,18,Germany,58,76,FC Energie Cottbus,€240K,€1K,1574,Right,1,3,2,Medium/ Medium,Normal,No,CB,29,10-Sep-17,,2019,6'0,170lbs
16254,244728,S. Steijn,16,Netherlands,58,72,VVV-Venlo,€250K,€1K,1470,Right,1,3,3,Medium/ Medium,Normal,No,CAM,35,,ADO Den Haag,30-Jun-19,5'8,134lbs
16262,242428,R. Hirakawa,18,Japan,58,78,FC Tokyo,€260K,€1K,1498,Right,1,3,2,Medium/ Medium,Lean,No,CM,40,1-Nov-17,,2021,5'9,159lbs
16274,242688,G. Carvajal,18,Colombia,57,77,América de Cali,€190K,€1K,1449,Right,1,3,2,Medium/ High,Normal,No,CDM,6,1-Jan-18,,2021,5'11,159lbs
16275,242433,C. Akono,18,Germany,57,75,SC Preußen Münster,€220K,€1K,1492,Left,1,2,2,Medium/ Medium,Lean,No,CF,32,26-Jan-18,,2021,6'3,174lbs
16279,242947,R. Kehr,18,Germany,57,76,Borussia Dortmund,€220K,€3K,1398,Left,1,3,2,Medium/ Medium,Lean,No,ST,43,1-Jul-18,,2021,6'2,176lbs
16286,244999,N. Böhmer,18,Germany,57,69,RB Leipzig,€150K,€2K,1317,Right,1,4,2,Medium/ Medium,Normal,No,CB,37,1-Jul-18,,2019,5'10,154lbs
16289,244746,L. Ntumba,17,France,57,79,Dijon FCO,€190K,€1K,898,Left,1,2,1,Medium/ Medium,Lean,No,GK,30,1-Jul-18,,2021,6'4,172lbs
16290,234251,K. O'Connell,18,England,57,69,Bournemouth,€170K,€4K,1479,Right,1,3,2,Medium/ High,Lean,No,LM,57,1-Apr-16,,2019,5'9,141lbs
16291,241419,M. Bird,17,England,57,78,Derby County,€220K,€3K,1465,Left,1,2,2,Medium/ Medium,Lean,No,CM,41,20-Sep-17,,2020,6'0,150lbs
16305,239125,E. Botheim,18,Norway,57,76,Rosenborg BK,€220K,€1K,1385,Right,1,3,2,Medium/ Medium,Lean,No,ST,34,18-Jul-16,,2020,6'1,165lbs
16311,246297,H. Abdelli,18,France,57,69,Le Havre AC,€170K,€1K,1545,Right,1,3,2,Medium/ Medium,Lean,No,CAM,33,3-Nov-18,,2021,6'2,183lbs
16312,241434,T. Golden,18,England,57,70,Wigan Athletic,€160K,€3K,1465,Right,1,3,2,High/ Medium,Normal,No,RB,32,19-Apr-18,,2019,5'10,143lbs
16313,243482,F. Godoy,18,Argentina,57,79,Unión de Santa Fe,€210K,€1K,1319,Right,1,2,2,Medium/ Medium,Normal,No,CB,24,25-Jun-17,,2021,6'1,174lbs
16318,244508,O. Atilgan,18,Germany,57,76,SG Dynamo Dresden,€220K,€2K,1408,Right,1,3,2,Medium/ Medium,Lean,No,ST,15,1-Jul-18,,2021,5'10,141lbs
16322,240669,L. Maloney,18,Germany,57,77,1. FC Union Berlin,€190K,€2K,1556,Right,1,3,2,Medium/ Medium,Stocky,No,CDM,33,15-Aug-17,,2019,6'2,196lbs
16325,246305,T. Moschión,18,Argentina,57,72,Club Atlético Colón,€190K,€1K,1500,Right,1,2,2,Medium/ Medium,Normal,No,CDM,4,2-Nov-18,,2021,5'7,146lbs
16336,244011,M. Zach,18,Germany,57,70,Hallescher FC,€150K,€1K,936,Right,1,3,1,Medium/ Medium,Normal,No,GK,38,1-Jul-18,,2019,6'2,174lbs
16338,245804,E. Mergen,18,Turkey,57,76,Alanyaspor,€220K,€1K,1388,Right,1,3,2,High/ Low,Lean,No,ST,47,20-Aug-18,,2022,5'10,132lbs
16345,245553,J. Scott,17,Scotland,57,74,Motherwell,€210K,€1K,1338,Right,1,2,2,Medium/ Medium,Normal,No,ST,35,1-Jul-16,,2019,6'2,192lbs
16347,244275,A. Wilson,18,England,57,80,Newcastle United,€230K,€3K,1514,Left,1,4,3,High/ Medium,Lean,No,LM,60,7-Jul-18,,2020,5'9,154lbs
16348,243764,B. Kavanagh,17,Republic of Ireland,57,80,Shamrock Rovers,€230K,€1K,1458,Left,1,2,2,Medium/ Medium,Lean,No,LM,27,1-Feb-18,,2020,5'8,139lbs
16356,245816,K. Stanek,18,Poland,57,68,Piast Gliwice,€170K,€1K,1360,Right,1,2,2,Medium/ Medium,Lean,No,ST,99,31-Aug-18,,2021,6'1,170lbs
16360,243258,J. Barrett,18,England,57,72,Huddersfield Town,€190K,€2K,1307,Right,1,2,2,Medium/ Medium,Normal,No,CB,50,1-Jan-18,,2019,6'1,165lbs
16361,243259,H. Spratt,18,England,57,70,Huddersfield Town,€160K,€2K,1446,Left,1,3,2,Medium/ Medium,Lean,No,LB,51,1-Jan-18,,2019,5'10,165lbs
16366,246335,F. Navarro,18,Argentina,57,78,Club Atlético Talleres,€230K,€1K,1554,Right,1,3,2,Medium/ Medium,Normal,No,CM,31,9-Nov-18,,2021,5'7,146lbs
16369,236358,K. Flanagan,18,Republic of Ireland,57,75,Crystal Palace,€210K,€3K,1459,Right,1,3,3,High/ Low,Lean,No,CAM,37,30-Aug-16,,2019,5'10,159lbs
16373,244042,M. Djitté,18,Senegal,57,75,FC Sion,€220K,€2K,1460,Right,1,3,3,High/ Low,Normal,No,ST,22,18-Jun-18,,2019,5'11,165lbs
16381,244558,I. Domínguez,18,Mexico,57,75,U.N.A.M.,€190K,€1K,1470,Right,1,2,2,Medium/ Medium,Lean,No,RB,20,1-Jul-18,,2021,5'7,143lbs
16382,245070,J. Debrah,18,England,57,70,Millwall,€160K,€1K,1322,Right,1,2,2,Medium/ High,Normal,No,CB,35,1-Jul-18,,2019,6'3,203lbs
16386,243281,O. Younger,18,England,57,70,Burnley,€160K,€3K,1283,Right,1,2,2,Medium/ Medium,Stocky,No,CB,35,5-Apr-18,,2020,6'0,154lbs
16388,246353,R. Musaba,17,Netherlands,57,69,Vitesse,€160K,€1K,1437,Right,1,2,2,High/ Medium,Normal,No,CAM,38,10-Nov-18,,2019,5'10,150lbs
16393,244306,S. Graham,17,England,57,78,Oldham Athletic,€210K,€1K,1326,Right,1,3,2,Medium/ Medium,Normal,No,CB,18,,Sheffield United,30-Jun-19,6'2,176lbs
16397,241236,A. Semenyo,18,England,57,75,Newport County,€220K,€3K,1364,Right,1,4,3,High/ High,Stocky,No,ST,42,,Bristol City,30-Jun-19,5'10,139lbs
16403,233048,T. Dele-Bashiru,18,England,57,76,Manchester City,€210K,€6K,1601,Right,1,2,2,Medium/ Medium,Normal,Yes,CM,72,15-Aug-17,,2019,5'10,150lbs
16415,246112,N. Djouahra,18,France,57,76,Real Sociedad,€210K,€2K,1439,Right,1,3,2,Medium/ Medium,Normal,No,CAM,31,3-Jul-18,,2020,5'8,146lbs
16416,238177,A. Hartigan,18,England,57,77,AFC Wimbledon,€210K,€1K,1573,Right,1,3,2,Medium/ Medium,Normal,No,CM,8,27-Jan-17,,2020,5'10,150lbs
16418,242531,J. Kitolano,16,Norway,57,75,Odds BK,€200K,€1K,1601,Right,1,3,2,Medium/ Medium,Normal,No,LCM,16,3-Nov-17,,2021,5'7,154lbs
16419,244067,M. Lacroix,18,France,57,74,FC Sochaux-Montbéliard,€190K,€1K,1251,Right,1,2,2,Medium/ Medium,Normal,No,CB,15,1-Jul-18,,2022,6'3,194lbs
16424,237926,J. Mahon,18,Republic of Ireland,57,72,Sligo Rovers,€190K,€1K,1379,Right,1,4,2,Medium/ Medium,Normal,No,RCB,21,13-Jan-17,,2020,6'1,179lbs
16425,245606,O. Yaman,18,Turkey,57,78,Sivasspor,€230K,€1K,1407,Left,1,2,2,Medium/ Low,Lean,No,LM,41,31-Jul-18,,2020,5'10,146lbs
16432,237933,B. Fleming,18,England,57,75,Hull City,€190K,€2K,1495,Left,1,3,2,Medium/ Medium,Lean,No,LB,21,24-Feb-17,,2021,5'9,154lbs
16433,244077,L. Bürger,18,Germany,57,74,Eintracht Braunschweig,€190K,€1K,1529,Right,1,3,2,Medium/ Medium,Lean,No,CDM,38,1-Jul-18,,2020,5'11,157lbs
16441,239474,B. Cam,18,Chile,57,69,Unión Española,€170K,€1K,1444,Right,1,3,2,Medium/ Medium,Lean,No,CF,19,16-Feb-17,,2019,5'10,143lbs
16444,245363,C. Fermina,18,Netherlands,57,74,Excelsior,€220K,€1K,1333,Right,1,3,3,Medium/ Low,Stocky,No,ST,32,11-Aug-18,,2019,6'0,154lbs
16446,245365,R. El Hankouri,17,Netherlands,57,71,Excelsior,€210K,€1K,1413,Right,1,3,3,Medium/ Medium,Lean,No,CAM,35,11-Aug-18,,2019,5'9,150lbs
16452,237176,R. Schofield,18,England,57,77,Huddersfield Town,€170K,€1K,828,Right,1,2,1,Medium/ Medium,Lean,Yes,GK,31,1-Jul-16,,2019,6'3,154lbs
16459,234111,D. Turnbull,18,Scotland,57,77,Motherwell,€210K,€1K,1540,Right,1,3,2,Medium/ Medium,Lean,No,CAM,28,1-Jul-15,,2019,6'1,165lbs
16466,245376,M. M?y?ski,17,Poland,57,72,Arka Gdynia,€210K,€1K,1567,Right,1,3,2,High/ Medium,Normal,No,CAM,35,10-Aug-18,,2021,5'11,165lbs
16467,245632,Morro,17,Spain,57,74,Rayo Vallecano,€170K,€1K,845,Left,1,2,1,Medium/ Medium,Normal,No,GK,30,1-Jun-16,,2019,6'4,172lbs
16471,245379,Y. Toure,17,Switzerland,57,80,Newcastle United,€230K,€3K,1391,Right,1,3,3,Medium/ Medium,Lean,No,ST,55,9-Aug-18,,2021,6'1,165lbs
16472,237188,N. Bishop,18,England,57,71,Southend United,€170K,€1K,871,Right,1,3,1,Medium/ Medium,Normal,No,GK,13,2-Nov-16,,2021,6'1,159lbs
16483,244616,A. Díaz,18,Mexico,57,78,Club Tijuana,€230K,€2K,1468,Right,1,3,2,Medium/ Low,Lean,No,RW,34,1-Jul-18,,2021,5'6,132lbs
16488,242061,T. Ogiwara,18,Japan,57,69,Urawa Red Diamonds,€150K,€1K,1541,Left,1,2,2,Medium/ High,Lean,No,LB,26,1-Jan-18,,2021,5'9,152lbs
16504,240535,E. Chapman,17,England,57,76,Lincoln City,€200K,€1K,1545,Left,1,4,2,Medium/ Medium,Lean,No,CM,12,1-Jul-17,,2020,6'3,168lbs
16505,246423,L. Orellano,18,Argentina,57,73,Vélez Sarsfield,€210K,€1K,1457,Left,1,2,2,Medium/ Medium,Lean,No,LW,32,11-Sep-18,,2021,5'10,146lbs
16506,233368,R. Harker,18,England,57,75,Burnley,€220K,€4K,1360,Right,1,3,2,Medium/ Medium,Normal,No,ST,49,10-Jul-18,,2019,5'11,176lbs
16514,246429,J. Mashart,18,Netherlands,57,69,NAC Breda,€150K,€1K,1521,Left,1,2,2,Medium/ Medium,Normal,No,LB,32,24-Nov-18,,2019,5'9,152lbs
16536,244141,N. Simon,18,France,57,73,Racing Club de Lens,€210K,€1K,1560,Left,1,5,2,High/ Medium,Lean,No,CM,37,1-Jul-18,,2021,5'7,137lbs
16544,240562,D. Adshead,16,England,57,77,Rochdale,€200K,€1K,1481,Right,1,2,2,High/ Medium,Lean,No,CM,25,1-Jul-17,,2019,6'1,143lbs
16547,246452,S. Bouzar,18,France,57,70,AS Nancy Lorraine,€160K,€1K,1428,Right,1,2,2,Medium/ Medium,Normal,No,CB,35,30-Nov-18,,2021,6'0,154lbs
16552,245685,O. Valakari,18,Finland,57,73,Tromsø IL,€210K,€1K,1458,Left,1,2,2,Medium/ Medium,Lean,No,CAM,18,5-Aug-18,,2021,6'2,181lbs
16556,244407,Pol Lozano,18,Spain,57,74,RCD Espanyol,€210K,€2K,1471,Right,1,3,2,Medium/ Low,Normal,No,CM,31,1-Jul-17,,2023,5'9,150lbs
16575,245698,S. Villarreal,18,Mexico,57,74,Monterrey,€190K,€2K,1462,Right,1,2,2,Low/ High,Lean,No,RB,98,1-Jun-18,,2021,5'9,123lbs
16578,244932,K. Castañeda,18,Mexico,57,75,Deportivo Toluca,€210K,€2K,1430,Right,1,3,2,High/ Medium,Lean,No,LM,95,1-Jan-17,,2021,5'7,161lbs
16592,241614,J. Oksanen,17,Finland,57,76,Brentford,€180K,€2K,1592,Left,1,3,2,Medium/ Medium,Lean,No,CDM,36,14-Jan-18,,2020,5'11,159lbs
16593,244174,D. Parker,18,England,57,70,Walsall,€190K,€1K,1388,Right,1,2,2,Medium/ Medium,Normal,No,ST,26,3-Jul-18,,2019,5'10,154lbs
16595,236495,A. Bolger,18,Republic of Ireland,57,77,Shamrock Rovers,€210K,€1K,1462,Right,1,3,2,Medium/ Medium,Normal,No,CM,21,1-Jul-16,,2020,5'7,143lbs
16603,243667,C. Thompson,18,England,57,73,Fulham,€220K,€4K,1349,Right,1,3,2,High/ Medium,Normal,No,ST,40,23-May-18,,2020,5'7,165lbs
16604,245715,J. Shackleton,18,England,57,77,Leeds United,€210K,€3K,1550,Right,1,2,2,Medium/ Medium,Lean,No,CM,46,1-Sep-10,,2021,5'7,143lbs
16607,240086,M. Lema,18,Austria,57,75,SK Sturm Graz,€210K,€1K,1327,Right,1,3,2,Medium/ Medium,Lean,No,RM,38,1-Jul-18,,2020,5'7,143lbs
16612,242393,B. Hussein,18,Sweden,57,78,AIK,€230K,€1K,1556,Right,1,3,2,Medium/ Medium,Lean,No,CM,18,29-Jan-18,,2021,5'9,154lbs
16620,243678,G. Siadas,18,Germany,57,73,Fortuna Düsseldorf,€190K,€2K,1411,Left,1,3,2,Medium/ Medium,Lean,No,LB,24,1-Jul-18,,2021,5'11,163lbs
16623,240863,C. Coventry,18,Republic of Ireland,57,73,West Ham United,€210K,€4K,1492,Right,1,3,2,Medium/ Medium,Lean,No,CM,54,25-May-17,,2019,5'9,143lbs
16624,242655,J. Ponceau,17,France,57,72,FC Lorient,€210K,€1K,1518,Right,1,3,2,Medium/ Medium,Lean,No,CAM,37,1-Jul-18,,2020,5'7,132lbs
16629,246241,Y. Lenze,17,Germany,57,82,FC Schalke 04,€190K,€1K,979,Left,1,3,1,Medium/ Medium,Normal,No,GK,30,24-Oct-18,,2020,6'1,165lbs
16631,243427,R. Edmondson,17,England,57,79,Leeds United,€230K,€3K,1340,Right,1,3,2,Medium/ Medium,Normal,No,ST,39,15-Nov-17,,2021,6'1,172lbs
16638,244199,K. Engbers,18,Netherlands,57,68,FC Emmen,€140K,€1K,1309,Right,1,3,2,Medium/ Medium,Normal,No,CB,21,1-Jul-18,,2019,6'1,172lbs
16646,242923,S. Palma,18,Colombia,57,77,Once Caldas,€190K,€1K,1282,Right,1,3,2,Medium/ Medium,Normal,No,CB,24,8-Mar-18,,2021,6'2,165lbs
16652,246254,A. Mironov,18,Russia,57,71,Lokomotiv Moscow,€210K,€1K,1556,Right,1,3,2,Medium/ Medium,Normal,No,CM,83,17-Jul-17,,2021,5'9,154lbs
16657,243445,F. Kaya,18,Turkey,57,73,FC Ingolstadt 04,€220K,€2K,1364,Right,1,4,3,Medium/ Medium,Normal,No,ST,36,1-Jul-18,,2021,6'0,174lbs
16659,243702,D. Spence,17,England,57,77,Middlesbrough,€180K,€3K,1392,Right,1,3,2,Medium/ Medium,Lean,No,RB,42,1-Jul-18,,2021,6'0,157lbs
16664,245752,Vasco Paciência,18,Portugal,57,74,Boavista FC,€220K,€1K,1359,Right,1,3,3,Medium/ Medium,Normal,No,ST,39,17-Jul-18,,2021,6'0,165lbs
16666,241402,S. Shotton,17,England,57,69,Bury,€140K,€1K,1271,Right,1,3,2,Medium/ Medium,Lean,No,CB,28,1-Jul-17,,2021,6'0,165lbs
16668,243196,C. Nicell,18,Republic of Ireland,57,72,Leeds United,€210K,€3K,1533,Right,1,3,2,Medium/ Medium,Lean,No,CM,42,1-Jul-18,,2020,5'9,143lbs
16676,245504,R. Harvey,18,England,56,70,Millwall,€190K,€1K,1422,Right,1,3,2,Medium/ Medium,Normal,No,RM,30,1-Jul-18,,2019,5'8,143lbs
16684,243718,R. Koot,18,Netherlands,56,68,Fortuna Sittard,€120K,€1K,845,Right,1,2,1,Medium/ Medium,Normal,No,GK,27,1-Jul-16,,2020,6'1,176lbs
16685,237575,J. Pourtau,18,Argentina,56,75,Estudiantes de La Plata,€150K,€1K,857,Right,1,3,1,Medium/ Medium,Normal,No,GK,1,1-Jan-17,,2019,6'3,165lbs
16686,238343,D. Mushitu,18,Sweden,56,70,AIK,€190K,€1K,1364,Right,1,2,2,Medium/ Medium,Normal,No,ST,17,1-Jul-16,,2020,6'0,185lbs
16699,244241,O. Kensdale,18,England,56,76,Colchester United,€170K,€1K,1222,Right,1,3,2,Medium/ Medium,Normal,No,CB,35,1-Jul-18,,2019,6'3,187lbs
16706,245014,S. Janssen,17,Netherlands,56,72,VVV-Venlo,€180K,€1K,1530,Right,1,3,2,Medium/ Medium,Normal,No,CM,34,1-Jul-18,,2019,5'10,148lbs
16707,244759,M. Catenacci,17,Sweden,56,73,Djurgårdens IF,€160K,€1K,1401,Right,1,3,2,Medium/ Medium,Normal,No,RB,37,1-Jan-18,,2021,5'10,161lbs
16712,243481,M. Pedersen,18,Norway,56,76,Tromsø IL,€190K,€1K,1452,Right,1,3,2,Medium/ Medium,Lean,No,RM,34,1-Aug-16,,2021,5'10,154lbs
16735,245033,T. Roberts,17,United States,56,75,FC Dallas,€180K,€1K,1446,Left,1,3,2,High/ Medium,Lean,No,CAM,23,25-Jul-18,,2020,5'11,150lbs
16738,245807,A. Koldere,18,Turkey,56,74,Medipol Ba?ak?ehir FK,€170K,€1K,1385,Left,1,2,2,Medium/ Medium,Lean,No,LB,35,31-Aug-18,,2023,6'1,150lbs
16741,240946,F. Baptiste,18,England,56,76,Crystal Palace,€190K,€4K,1375,Right,1,3,2,Medium/ Medium,Lean,No,ST,43,25-Oct-16,,2019,5'11,146lbs
16743,244277,K. Watts,18,England,56,76,Newcastle United,€170K,€2K,1515,Left,1,4,2,High/ Medium,Lean,No,CB,53,6-Jul-18,,2020,6'3,165lbs
16746,244281,N. Anhölcher,18,Germany,56,69,VfR Aalen,€160K,€1K,1396,Right,1,3,2,Medium/ Medium,Lean,No,ST,15,1-Jul-18,,2019,6'0,163lbs
16750,237886,C. Goslin,18,United States,56,78,Atlanta United,€200K,€1K,1552,Right,1,3,2,Medium/ Low,Lean,No,CM,20,12-May-17,,2019,5'7,146lbs
16756,246593,Javito,17,Spain,56,72,SD Huesca,€160K,€1K,1439,Right,1,3,2,Medium/ Medium,Lean,No,RB,27,1-Jul-17,,2019,5'10,152lbs
16759,243524,S. Grønli,17,Norway,56,77,Tromsø IL,€200K,€1K,1400,Right,1,3,2,Medium/ Medium,Lean,No,CF,16,31-Oct-17,,2020,5'7,141lbs
16761,240965,A. Hinds,18,England,56,68,Rotherham United,€130K,€2K,1438,Left,1,3,2,High/ Medium,Lean,No,LB,31,1-Jul-18,,2019,5'10,159lbs
16766,244552,A. Nsakala,18,France,56,78,FC Sochaux-Montbéliard,€180K,€1K,1373,Right,1,3,2,Medium/ Medium,Lean,No,RB,33,1-Jul-18,,2021,5'10,154lbs
16770,245580,L. Brand,18,Netherlands,56,68,Willem II,€120K,€1K,838,Right,1,2,1,Medium/ Medium,Normal,No,GK,28,17-Aug-18,,2019,6'1,165lbs
16774,234066,J. Hove,17,Norway,56,74,Strømsgodset IF,€180K,€1K,1551,Right,1,3,2,Medium/ Medium,Lean,No,CM,8,14-Aug-18,,2021,5'10,159lbs
16783,233050,M. Smith,18,Wales,56,75,,€ 0,€ 0,1508,Right,1,2,2,Medium/ Medium,Lean,No,CDM,23,,,,5'10,150lbs
16787,235101,T. Makowski,18,Poland,56,73,Lechia Gda?sk,€180K,€1K,1547,Right,1,2,2,Medium/ Medium,Normal,No,CM,36,18-Jul-18,,2020,5'10,159lbs
16792,245599,Darío Ramos,18,Spain,56,74,Albacete BP,€150K,€1K,829,Right,1,3,1,Medium/ Medium,Normal,No,GK,26,30-Jun-18,,2019,6'3,172lbs
16799,243813,T. O'Neill,18,England,56,72,Middlesbrough,€190K,€4K,1306,Right,1,3,2,Medium/ Medium,Lean,No,ST,45,9-Apr-18,,2020,6'1,154lbs
16801,237415,J. Williams,18,England,56,74,Barnsley,€170K,€1K,1367,Right,1,2,2,Medium/ Medium,Lean,No,RB,22,8-Aug-18,,2022,5'10,165lbs
16804,245097,F. Becker,18,Germany,56,73,FC St. Pauli,€180K,€1K,1463,Left,1,3,2,Medium/ Medium,Lean,No,CM,37,1-Jul-18,,2022,5'10,150lbs
16806,238186,M. Bulka,18,Poland,56,74,Chelsea,€150K,€2K,885,Right,1,2,1,Medium/ Medium,Lean,No,GK,59,4-Oct-16,,2019,6'6,198lbs
16816,245361,I. Sauter,17,Switzerland,56,80,FC Zürich,€180K,€1K,1398,Left,1,4,2,Medium/ Medium,Stocky,No,CB,34,1-Aug-18,,2021,6'0,174lbs
16820,245366,J. Fischer,18,Netherlands,56,72,Excelsior,€180K,€1K,1505,Right,1,4,2,High/ Medium,Normal,No,CM,30,11-Aug-18,,2019,5'11,150lbs
16823,244088,M. Shinada,18,Japan,56,71,FC Tokyo,€180K,€1K,1447,Right,1,3,2,Medium/ Medium,Lean,No,CM,44,1-Jan-18,,2021,5'11,146lbs
16827,238715,E. Crona,18,Sweden,56,74,Kalmar FF,€190K,€1K,1318,Right,1,2,2,Medium/ Medium,Lean,No,ST,37,1-Mar-17,,2020,6'1,168lbs
16829,244860,L. Gelzleichter,18,Germany,56,74,SV Darmstadt 98,€190K,€2K,1260,Right,1,3,2,Medium/ Medium,Lean,No,ST,37,24-Jul-18,,2019,6'0,148lbs
16830,236413,S. Kulenovi?,18,Croatia,56,75,Legia Warszawa,€190K,€1K,1349,Right,1,3,2,Medium/ Medium,Normal,No,ST,99,10-Feb-16,,2023,6'2,168lbs
16844,237705,D. Pierias,18,Australia,56,70,Melbourne City FC,€170K,€1K,1397,Right,1,2,2,High/ Medium,Lean,No,RB,36,12-Feb-17,,2019,5'6,139lbs
16847,242062,H. Finndell,18,Sweden,56,73,Djurgårdens IF,€180K,€1K,1540,Right,1,3,2,Medium/ Medium,Lean,No,CM,17,8-Jan-18,,2021,5'10,163lbs
16849,244623,E. Maulana Vikri,17,Indonesia,56,74,Lechia Gda?sk,€180K,€1K,1380,Left,1,3,3,Medium/ Medium,Lean,No,CAM,10,9-Jul-18,,2021,5'5,141lbs
16851,240786,A. Koiki,18,England,56,63,Burnley,€100K,€3K,1398,Left,1,2,2,Medium/ Medium,Normal,No,LB,50,1-Jul-17,,2019,5'11,154lbs
16853,238995,I. Cameron,17,Scotland,56,74,Kilmarnock,€180K,€1K,1529,Right,1,3,2,Medium/ Medium,Lean,No,CF,31,1-Aug-16,,2021,6'3,172lbs
16858,235413,R. Majecki,18,Poland,56,76,Legia Warszawa,€150K,€1K,953,Right,1,3,1,Medium/ Medium,Normal,No,GK,30,10-Feb-16,,2023,6'3,172lbs
16863,243608,R. Giles,18,England,56,76,Wolverhampton Wanderers,€170K,€3K,1564,Left,1,3,3,High/ Medium,Lean,No,LWB,23,20-May-18,,2020,5'10,159lbs
16864,244634,S. Sohm,17,Switzerland,56,76,FC Zürich,€160K,€1K,1543,Right,1,3,2,Medium/ Medium,Lean,No,CDM,35,2-Jul-18,,2021,6'2,187lbs
16876,245152,S. Giménez,17,Mexico,56,79,Cruz Azul,€200K,€2K,1323,Right,1,3,2,High/ Low,Lean,No,ST,40,1-Jul-18,,2021,6'0,152lbs
16877,241825,T. Francois,17,Australia,56,74,Fulham,€180K,€3K,1438,Left,1,4,2,Medium/ Medium,Lean,No,CAM,38,1-Aug-17,,2020,5'5,123lbs
16879,246179,D. van Kaam,18,Netherlands,56,75,FC Groningen,€190K,€1K,1513,Right,1,3,2,High/ Medium,Lean,No,CAM,58,1-Jul-17,,2020,5'9,154lbs
16889,240042,R. Correa,18,Colombia,56,70,Independiente Medellín,€190K,€1K,1401,Right,1,4,2,Medium/ Medium,Lean,No,RM,11,11-Jan-18,,2018,6'1,154lbs
16895,236717,E. Sandberg,18,Norway,56,73,Lillestrøm SK,€170K,€1K,1261,Right,1,2,2,Medium/ Medium,Normal,No,CB,24,9-Sep-16,,2021,6'3,168lbs
16900,244654,K. Osako,18,Japan,56,68,Sanfrecce Hiroshima,€120K,€1K,846,Right,1,2,1,Medium/ Medium,Normal,No,GK,38,1-Jan-18,,2019,6'1,190lbs
16902,244657,A. Hudu,18,Ghana,56,69,Hammarby IF,€160K,€1K,1514,Right,1,2,2,Medium/ Medium,Normal,No,CM,20,1-Jan-18,,2021,5'6,143lbs
16906,246450,K. Cabral,18,France,56,70,Valenciennes FC,€190K,€1K,1420,Right,1,3,2,Medium/ Medium,Lean,No,LM,31,5-Jul-17,,2019,6'1,172lbs
16910,242612,E. Chilufya,18,Zambia,56,75,Djurgårdens IF,€190K,€1K,1452,Right,1,3,2,High/ Medium,Lean,No,ST,18,15-Feb-18,,2021,5'7,150lbs
16917,243897,Philippe,18,Brazil,56,73,FC Sion,€190K,€2K,1399,Right,1,3,2,High/ Low,Lean,No,RS,90,10-Jun-18,,2023,6'1,143lbs
16923,243387,S. Brolin,17,Sweden,56,78,AIK,€160K,€1K,865,Right,1,1,1,Medium/ Medium,Lean,No,GK,35,27-Apr-18,,2018,6'8,187lbs
16924,239548,J. Pérez,18,Mexico,56,74,Club Atlas,€190K,€2K,1331,Right,1,3,2,High/ Low,Normal,No,ST,99,1-Jan-16,,2021,5'9,148lbs
16927,243646,B. Nygren,16,Sweden,56,73,IFK Göteborg,€180K,€1K,1329,Left,1,3,2,Medium/ Medium,Normal,No,ST,14,23-May-18,,2020,6'0,161lbs
16929,231617,L. Davies,18,England,56,68,Cambridge United,€130K,€1K,1394,Right,1,3,2,Medium/ Medium,Lean,No,RB,17,21-Nov-15,,2019,5'11,154lbs
16944,242382,L. Ashby-Hammond,17,England,56,76,Fulham,€150K,€1K,795,Right,1,2,1,Medium/ Medium,Lean,No,GK,50,13-Jul-18,,2019,6'1,168lbs
16962,244188,S. Abifade,18,Germany,56,77,Eintracht Braunschweig,€200K,€1K,1374,Left,1,3,2,High/ Medium,Normal,No,LW,32,1-Jul-18,,2020,6'1,185lbs
16966,245472,M. ?liwa,17,Poland,56,75,Wis?a Kraków,€180K,€1K,1473,Right,1,2,2,Medium/ Medium,Normal,No,CAM,70,18-Jul-18,,2021,5'9,154lbs
16974,240869,K. Henry,18,England,56,68,Yeovil Town,€150K,€1K,1419,Right,1,3,2,Medium/ Medium,Lean,No,ST,19,14-Oct-18,,2021,5'10,154lbs
16979,242407,M. Blair,18,England,56,66,Burnley,€130K,€3K,1411,Right,1,3,2,Medium/ Medium,Normal,No,LM,47,31-Jan-18,,2019,5'9,150lbs
16983,240105,D. López,18,Mexico,56,66,Club Tijuana,€140K,€2K,1316,Right,1,3,2,Medium/ Medium,Lean,No,ST,27,1-Jul-17,,2021,5'10,146lbs
16986,242154,A. Thurgate,18,Australia,56,69,Newcastle Jets,€160K,€1K,1512,Right,1,3,2,Medium/ Medium,Lean,No,CM,32,1-Jul-17,,2022,5'10,154lbs
17000,245233,M. Steinwender,18,Austria,56,70,SV Mattersburg,€170K,€1K,1295,Right,1,3,2,Medium/ Medium,Lean,No,CB,3,1-Jul-18,,2021,6'3,168lbs
17003,244214,H. Wilder,18,England,56,74,Mansfield Town,€170K,€1K,1443,Left,1,2,2,Medium/ High,Normal,No,LB,28,1-Jul-18,,2020,6'1,165lbs
17007,244216,L. Gibbens,17,England,56,71,Mansfield Town,€160K,€1K,1333,Left,1,2,2,Low/ Medium,Lean,No,CB,27,1-Jul-18,,2020,6'0,157lbs
17012,245501,I. Olaofe,18,England,56,68,Millwall,€150K,€1K,1385,Right,1,2,2,Medium/ Medium,Normal,No,ST,39,1-Jul-18,,2019,5'10,181lbs
17024,240649,J. Roberts,17,Australia,55,75,Western Sydney Wanderers,€180K,€1K,1324,Right,1,4,2,High/ Medium,Lean,No,ST,32,4-Jan-18,,2020,5'7,150lbs
17028,242443,D. Arias,18,Chile,55,68,Club Deportes Temuco,€160K,€1K,1348,Right,1,3,2,Medium/ Medium,Lean,No,ST,34,2-Feb-18,,2021,6'0,163lbs
17039,246550,G. Haag,18,France,55,72,AS Nancy Lorraine,€160K,€1K,1292,Right,1,3,2,Medium/ Medium,Lean,No,CDM,34,23-Nov-18,,2021,6'0,150lbs
17042,244505,H. Sobol,18,Poland,55,66,Lech Pozna?,€140K,€1K,1391,Right,1,3,2,Medium/ Medium,Normal,No,ST,14,4-Jul-18,,2021,5'11,163lbs
17045,242462,A. Diaz,18,Chile,55,73,CD O'Higgins,€180K,€1K,1496,Left,1,3,2,Medium/ Medium,Lean,No,LW,28,3-Feb-18,,2021,5'8,154lbs
17046,244510,M. Hauptmann,18,Germany,55,72,SG Dynamo Dresden,€180K,€1K,1452,Right,1,3,2,Medium/ Medium,Normal,No,RM,35,1-Jul-18,,2019,5'10,148lbs
17053,241953,R. Slater,18,England,55,66,Carlisle United,€140K,€1K,1511,Right,1,3,2,Medium/ Medium,Normal,No,RCM,15,,Sheffield United,20-Jan-19,5'8,143lbs
17060,242727,T. Bloor,18,England,55,74,Mansfield Town,€160K,€1K,1515,Right,1,2,2,High/ High,Normal,No,RWB,23,24-May-17,,2021,5'9,170lbs
17062,238378,M. Kaastrup,17,Denmark,55,72,Aarhus GF,€180K,€1K,1354,Left,1,4,2,High/ Medium,Lean,No,LM,44,1-Jan-16,,2020,5'9,154lbs
17066,243501,J. ?o?,17,Poland,55,76,Arka Gdynia,€200K,€1K,1359,Right,1,3,2,Medium/ Medium,Normal,No,ST,31,28-Nov-17,,2020,5'9,157lbs
17067,243246,S. Gussiås,18,Norway,55,67,Molde FK,€150K,€1K,1340,Right,1,3,2,High/ High,Stocky,No,ST,43,22-Aug-18,,2019,6'0,181lbs
17073,240947,T. Mitchell,18,England,55,72,Crystal Palace,€160K,€3K,1406,Left,1,3,2,Medium/ Medium,Normal,No,LB,38,1-Jul-17,,2019,5'9,143lbs
17076,242229,B. Maher,17,Republic of Ireland,55,69,St. Patrick's Athletic,€140K,€1K,1025,Right,1,3,1,Medium/ Medium,Lean,No,GK,16,8-Dec-17,,2018,6'1,172lbs
17086,244796,M. Valenta,18,Czech Republic,55,70,SK Slavia Praha,€180K,€1K,1453,Right,1,3,2,Medium/ Medium,Lean,No,CM,29,1-Jul-18,,2020,5'11,165lbs
17090,243012,B. Niezgoda,18,Poland,55,73,Jagiellonia Bia?ystok,€150K,€1K,802,Right,1,2,1,Medium/ Medium,Lean,No,GK,50,21-Sep-17,,2021,6'6,187lbs
17091,243269,A. Do?an,16,Turkey,55,71,Kayserispor,€160K,€1K,1269,Right,1,2,2,Low/ Medium,Lean,No,CB,30,9-Jul-17,,2020,5'11,154lbs
17092,244293,A. Payne,18,England,55,71,Norwich City,€180K,€2K,1512,Right,1,3,2,Medium/ Medium,Lean,No,CM,40,1-Jul-18,,2020,5'10,161lbs
17093,245061,J. López,18,Argentina,55,70,Racing Club,€180K,€1K,1533,Right,1,3,2,Medium/ Medium,Lean,No,CM,24,6-Feb-18,,2021,6'0,152lbs
17096,240967,J. Kayode,18,Nigeria,55,70,Rotherham United,€180K,€3K,1286,Right,1,3,2,Medium/ Medium,Lean,No,ST,32,17-Nov-17,,2020,6'3,165lbs
17098,240968,R. McGinley,18,Northern Ireland,55,68,Rotherham United,€160K,€2K,1383,Right,1,3,2,Medium/ Medium,Lean,No,LM,33,26-Apr-18,,2019,5'9,143lbs
17100,245067,Y. Taki,18,Japan,55,70,Shimizu S-Pulse,€180K,€1K,1437,Right,1,3,3,High/ Medium,Normal,No,CM,34,31-Jul-18,,2021,5'6,123lbs
17102,245069,Y. Nishimura,18,Japan,55,64,Shimizu S-Pulse,€120K,€1K,1546,Right,1,3,2,Medium/ Medium,Lean,No,CM,36,30-Jul-18,,2021,6'0,157lbs
17106,242774,Y. Oki,18,Japan,55,72,Kashima Antlers,€150K,€1K,932,Right,1,2,1,Medium/ Medium,Normal,No,GK,31,1-Jan-18,,2021,6'0,181lbs
17110,245849,M. Ross Jensen,17,Denmark,55,73,Aalborg BK,€160K,€1K,1354,Right,1,3,2,Medium/ High,Lean,No,CB,24,2-Sep-18,,2021,6'3,176lbs
17112,244314,A. Bonnah,18,Sweden,55,65,IF Brommapojkarna,€130K,€1K,1499,Right,1,3,2,Medium/ Medium,Normal,No,CM,26,1-Jan-18,,2018,5'9,165lbs
17115,245341,C. Bassett,16,United States,55,77,Colorado Rapids,€180K,€1K,1555,Right,1,3,2,Medium/ Medium,Lean,No,CDM,26,10-Aug-18,,2019,5'11,148lbs
17116,245597,Víctor Gómez,18,Spain,55,73,RCD Espanyol,€160K,€1K,1401,Left,1,2,2,Medium/ Medium,Stocky,No,LB,33,1-Jul-17,,2025,5'5,152lbs
17123,243041,J. Guttau,18,Germany,55,71,Hallescher FC,€180K,€1K,1430,Right,1,3,2,Medium/ Medium,Normal,No,CAM,24,2-May-18,,2020,5'11,154lbs
17125,245603,E. Çetindere,18,Turkey,55,76,Sivasspor,€180K,€1K,1492,Right,1,2,2,Low/ Medium,Normal,No,CDM,44,22-Sep-18,,2019,5'8,143lbs
17132,237928,J. Romo,18,Chile,55,71,CD Palestino,€180K,€1K,1477,Right,1,3,2,High/ Medium,Lean,No,ST,30,25-Feb-17,,2019,5'6,137lbs
17133,242537,A. Troffa,18,France,55,68,GFC Ajaccio,€160K,€1K,1497,Right,1,2,2,Medium/ Medium,Lean,No,CM,22,1-Jul-18,,2020,5'10,159lbs
17136,237935,K. Klaesson,17,Norway,55,70,Vålerenga Fotball,€140K,€1K,845,Left,1,2,1,Medium/ Medium,Normal,No,GK,13,16-Jun-16,,2018,6'2,168lbs
17143,243827,L. Cass,18,England,55,74,Newcastle United,€160K,€2K,1353,Right,1,3,2,Medium/ Medium,Lean,No,RB,49,6-Jul-18,,2019,6'1,163lbs
17151,244599,H. Guenouche,18,France,55,71,FC Zürich,€160K,€1K,1399,Left,1,3,2,Medium/ Medium,Normal,No,LB,12,1-Jul-18,,2021,5'6,137lbs
17152,244858,N. Hahn,17,Austria,55,77,FK Austria Wien,€180K,€1K,1505,Right,1,4,2,Medium/ Medium,Lean,No,CDM,6,1-Jul-18,,2021,5'8,137lbs
17154,244861,J. Gali?,18,Germany,55,72,SV Darmstadt 98,€150K,€1K,866,Right,1,3,1,Medium/ Medium,Stocky,No,GK,35,24-Jul-18,,2019,6'1,192lbs
17159,242057,W. Scott,18,Australia,55,68,Perth Glory,€140K,€1K,1367,Right,1,3,2,High/ Medium,Normal,No,LB,25,9-Jan-18,,2019,5'9,154lbs
17160,245387,H. Offia,18,Nigeria,55,66,IK Sirius,€140K,€1K,1336,Right,1,3,2,Medium/ Medium,Normal,No,LM,12,8-Jan-18,,2019,5'9,179lbs
17162,243342,K. Ward,18,England,55,74,Mansfield Town,€180K,€1K,1513,Right,1,3,2,High/ Medium,Lean,No,CM,35,19-Mar-18,,2020,6'0,157lbs
17163,245135,G. Rogers,17,England,55,70,Yeovil Town,€180K,€1K,1389,Left,1,3,2,High/ Medium,Lean,No,RM,15,3-Aug-18,,2021,5'10,154lbs
17166,242321,M. Henvey,18,Scotland,55,72,Dundee FC,€180K,€1K,1339,Right,1,3,2,Medium/ Medium,Lean,No,ST,46,27-Dec-17,,2019,5'11,154lbs
17171,243860,J. Kronig,18,Switzerland,55,77,BSC Young Boys,€180K,€1K,1278,Left,1,2,2,Medium/ Medium,Normal,No,CB,24,12-Jun-18,,2022,6'1,172lbs
17175,243353,B. Mumba,16,England,55,80,Sunderland,€190K,€1K,1485,Right,1,3,2,Medium/ High,Lean,No,CM,37,1-Jul-17,,2021,5'6,126lbs
17177,242074,R. Gómez,16,Argentina,55,76,Belgrano de Córdoba,€190K,€1K,1405,Right,1,3,2,Medium/ Low,Lean,No,RM,18,4-Jan-18,,2020,5'7,143lbs
17180,235421,B. Ozegovic,18,Austria,55,66,SCR Altach,€110K,€1K,882,Right,1,3,1,Medium/ Medium,Normal,No,GK,24,1-Jul-16,,2019,6'0,172lbs
17182,239007,S. Bakan,17,Turkey,55,70,Göztepe SK,€180K,€2K,1441,Left,1,3,2,High/ Low,Lean,No,LM,27,12-Aug-17,,2020,5'7,150lbs
17184,236706,P. Almqvist,18,Sweden,55,72,IFK Norrköping,€180K,€1K,1419,Right,1,3,2,High/ Medium,Lean,No,LW,18,30-Aug-16,,2019,5'10,148lbs
17186,244386,M. Prinz,18,Germany,55,71,SC Preußen Münster,€150K,€1K,828,Right,1,3,1,Medium/ Medium,Lean,No,GK,19,1-Jul-18,,2021,6'4,176lbs
17189,245414,R. Al Otaibi,18,Saudi Arabia,55,72,Al Wehda,€160K,€1K,1358,Right,1,3,2,Medium/ Medium,Lean,No,RB,2,1-Jul-18,,2021,5'7,126lbs
17192,241577,L. Shabani,18,Albania,55,72,Malmö FF,€180K,€1K,1487,Right,1,3,2,Medium/ Medium,Lean,No,LM,38,1-Jan-17,,2019,5'11,172lbs
17194,244651,A. Kawai,18,Japan,55,68,Sanfrecce Hiroshima,€140K,€1K,1399,Left,1,3,2,Medium/ Medium,Lean,No,LB,26,1-Jan-18,,2020,5'10,143lbs
17200,245171,H. Andersson,16,Sweden,55,70,Örebro SK,€160K,€1K,1190,Right,1,2,2,Medium/ Medium,Normal,No,CB,46,29-Jan-18,,2020,6'3,150lbs
17201,246195,C. Elliot,18,New Zealand,55,72,Wellington Phoenix,€180K,€1K,1457,Right,1,2,2,Medium/ Medium,Lean,No,CAM,17,17-Oct-18,,2021,5'8,141lbs
17212,245945,L. Hlabi,18,England,55,58,Gillingham,€100K,€1K,1342,Right,1,2,2,Medium/ Medium,Normal,No,ST,29,1-Jul-18,,2018,6'0,174lbs
17220,243136,M. Leiva,18,Chile,55,72,CD Everton de Viña del Mar,€180K,€1K,1307,Right,1,3,2,Medium/ Medium,Lean,No,ST,15,31-Mar-18,,2021,5'7,148lbs
17221,244928,A. Hodži?,18,Austria,55,68,Wolfsberger AC,€160K,€1K,1298,Right,1,3,2,Medium/ Medium,Normal,No,ST,30,1-Jul-18,,2021,6'1,192lbs
17222,243905,R. Mantel,17,Belgium,55,73,Sporting Lokeren,€140K,€1K,818,Right,1,2,1,Medium/ Medium,Normal,No,GK,30,14-Jun-18,,2021,6'5,192lbs
17223,242114,I. Mahnashi,18,Saudi Arabia,55,73,Ettifaq FC,€180K,€2K,1541,Right,1,3,2,Medium/ Medium,Lean,No,CM,40,1-Jan-18,,2023,5'7,154lbs
17228,244933,J. Alvarado,18,Mexico,55,74,Monterrey,€180K,€3K,1357,Right,1,2,2,Medium/ Medium,Lean,No,ST,99,21-Jul-18,,2021,5'5,119lbs
17229,240838,B. Wade,17,England,55,76,Rochdale,€160K,€1K,917,Right,1,2,1,Medium/ Medium,Normal,No,GK,31,1-Jun-16,,2021,5'10,163lbs
17234,243916,M. Said,18,Sweden,55,76,Empoli,€200K,€1K,1325,Left,1,2,2,High/ Low,Lean,No,ST,55,1-Jul-18,,2022,5'10,152lbs
17235,245453,G. Arib,18,France,55,69,Valenciennes FC,€160K,€1K,1480,Right,1,3,2,Medium/ Medium,Normal,No,CDM,33,31-Aug-18,,2021,5'6,139lbs
17241,243154,A. Benedyczak,17,Poland,55,73,Pogo? Szczecin,€180K,€1K,1343,Right,1,3,2,Medium/ Medium,Lean,No,ST,59,2-Mar-18,,2021,6'2,179lbs
17248,235994,D. Amos,18,England,55,69,Doncaster Rovers,€160K,€1K,1493,Left,1,3,2,Medium/ Medium,Normal,No,LB,24,1-Jul-16,,2019,5'11,150lbs
17256,242151,T. Jäntti,18,Finland,55,69,HJK Helsinki,€180K,€1K,1418,Right,1,3,2,Medium/ Medium,Normal,No,CAM,24,1-Jan-17,,2018,5'11,161lbs
17263,245485,P. Samiec-Talar,16,Poland,55,73,?l?sk Wroc?aw,€180K,€1K,1361,Right,1,3,2,Medium/ Medium,Normal,No,ST,24,18-Jul-18,,2021,5'11,154lbs
17264,241646,D. Butterworth,18,England,55,70,Blackburn Rovers,€180K,€3K,1470,Right,1,3,2,Medium/ Medium,Lean,No,ST,34,6-Oct-17,,2020,5'11,152lbs
17266,244207,A. Sow,18,Senegal,55,70,Racing Club de Lens,€180K,€1K,1428,Right,1,3,2,Medium/ Medium,Lean,No,RW,39,4-Jul-18,,2023,5'10,148lbs
17267,245489,S. Svenlén,18,Sweden,55,65,IF Brommapojkarna,€110K,€1K,1383,Right,1,3,2,Medium/ Medium,Normal,No,CB,27,7-Aug-18,,2018,5'11,154lbs
17270,243188,H. Palacios,18,Colombia,55,76,Atlético Nacional,€200K,€1K,1326,Right,1,3,2,Medium/ Medium,Normal,No,RW,23,2-Apr-18,,2021,5'10,148lbs
17278,244220,O. Aga,17,Norway,55,78,Stabæk Fotball,€200K,€1K,1313,Right,1,2,2,Medium/ Medium,Lean,No,ST,50,25-Feb-18,,2020,5'11,154lbs
17282,240384,E. Durmaz,18,Sweden,54,64,Hammarby IF,€100K,€1K,1381,Right,1,4,2,Medium/ Medium,Normal,No,LM,31,1-Jan-17,,2018,5'10,154lbs
17283,244225,A. Groundstroem,18,Sweden,54,64,IF Brommapojkarna,€90K,€1K,1350,Right,1,3,2,Medium/ Medium,Lean,No,CB,28,1-Jan-18,,2018,6'1,165lbs
17284,242179,Y. Fofana,17,France,54,74,Le Havre AC,€110K,€1K,854,Right,1,3,1,Medium/ Medium,Normal,No,GK,30,1-Jul-18,,2021,6'4,196lbs
17286,236551,H. Darling,18,England,54,68,Cambridge United,€130K,€1K,1261,Right,1,3,2,Medium/ Medium,Lean,No,CB,16,4-Oct-16,,2021,5'11,165lbs
17289,243466,J. Quiñones Saya,18,Colombia,54,75,América de Cali,€150K,€1K,1364,Right,1,3,2,High/ Medium,Lean,No,RM,22,20-Apr-18,,2021,5'7,148lbs
17291,243212,J. Berger,18,Germany,54,71,FC Hansa Rostock,€130K,€1K,1421,Right,1,3,2,Medium/ Medium,Lean,No,CDM,16,1-Jul-16,,2019,6'0,161lbs
17294,240143,C. Magerusan,18,Romania,54,65,Bohemian FC,€110K,€1K,1307,Right,1,3,2,Medium/ Medium,Lean,No,ST,17,1-Jul-17,,2019,6'2,187lbs
17301,242197,M. Ndione,18,Sweden,54,64,IF Elfsborg,€100K,€1K,1316,Right,1,3,2,Medium/ Medium,Normal,No,ST,26,1-Jan-18,,2020,6'1,165lbs
17310,246041,E. Pastrana,18,Mexico,54,71,Tiburones Rojos de Veracruz,€130K,€1K,1327,Right,1,3,2,Medium/ Medium,Lean,No,CB,33,13-Sep-18,,2021,5'9,150lbs
17313,242717,M. Howard,18,England,54,72,Preston North End,€140K,€1K,1289,Right,1,2,2,Medium/ Medium,Lean,No,ST,26,20-Feb-18,,2019,5'10,159lbs
17315,238368,J. McAtee,18,England,54,71,Shrewsbury,€140K,€1K,1407,Right,1,3,2,Medium/ Medium,Lean,No,ST,26,12-Apr-17,,2021,5'11,165lbs
17316,241440,R. Akbari,18,Australia,54,69,Melbourne Victory,€140K,€1K,1389,Right,1,3,2,Medium/ Medium,Lean,No,CAM,19,24-Oct-18,,2019,5'11,150lbs
17317,246048,A. Reyes Ambuila,18,Colombia,54,70,Atlético Nacional,€130K,€1K,1279,Right,1,3,2,Low/ Medium,Normal,No,CB,31,13-Sep-18,,2021,5'10,165lbs
17318,244513,I. Sadiq,18,Ghana,54,70,FC Nordsjælland,€140K,€1K,1459,Right,1,2,3,Medium/ Medium,Normal,No,RW,37,1-Jul-18,,2021,5'9,154lbs
17321,240419,R. Strechie,17,Romania,54,66,Venezia FC,€110K,€1K,1472,Left,1,2,2,Medium/ Medium,Lean,No,CM,16,1-Jul-16,,2021,5'9,154lbs
17324,246052,A. Long,17,England,54,72,Wigan Athletic,€120K,€3K,1305,Right,1,3,2,Medium/ High,Lean,No,CB,35,1-Jul-18,,2020,6'0,168lbs
17325,243493,O. Sims,17,England,54,74,Colchester United,€130K,€1K,1410,Left,1,3,3,High/ Medium,Normal,No,LM,28,4-May-18,,2019,5'8,154lbs
17332,241453,J. Hackett,18,England,54,64,Sunderland,€100K,€1K,1427,Right,1,3,2,Medium/ Medium,Normal,No,CM,34,3-Aug-17,,2019,5'7,132lbs
17335,246063,E. Breivik,18,Norway,54,68,Molde FK,€130K,€1K,1469,Right,1,3,2,Medium/ Medium,Lean,No,CDM,37,17-Sep-18,,2019,6'1,165lbs
17350,241980,L. Gamíz,18,Mexico,54,69,Club Tijuana,€130K,€1K,1456,Right,1,3,2,Medium/ High,Normal,No,CDM,98,1-Jul-17,,2021,5'8,141lbs
17351,246076,M. Molenda,17,Poland,54,74,Arka Gdynia,€110K,€1K,1070,Right,1,3,1,Medium/ Medium,Normal,No,GK,34,28-Aug-18,,2020,5'11,165lbs
17352,241982,E. Watt,18,Scotland,54,75,Wolverhampton Wanderers,€150K,€4K,1536,Right,1,3,2,Medium/ Medium,Normal,No,CM,25,21-Nov-17,,2022,5'9,159lbs
17354,242240,L. D'Arrigo,16,Australia,54,71,Adelaide United,€130K,€1K,1344,Right,1,3,2,Medium/ Medium,Lean,No,CAM,27,24-Jul-18,,2019,5'9,154lbs
17355,237125,V. Barbero,17,Argentina,54,73,Belgrano de Córdoba,€140K,€1K,1397,Right,1,2,2,Medium/ Medium,Lean,No,ST,9,8-Oct-18,,2021,6'0,165lbs
17358,246090,I. Acero,18,Mexico,54,73,Deportivo Toluca,€140K,€2K,1474,Left,1,3,2,Medium/ Medium,Normal,No,CM,96,1-Jan-18,,2021,5'10,150lbs
17362,244299,J. Adams,17,Wales,54,70,Bury,€130K,€1K,1348,Right,1,3,3,Medium/ Medium,Lean,No,RM,20,14-Aug-18,,2019,5'9,137lbs
17366,241487,J. Ferreira,17,Colombia,54,76,FC Dallas,€150K,€1K,1315,Right,1,3,2,Medium/ Medium,Lean,No,ST,27,17-Nov-16,,2019,5'8,141lbs
17370,245847,C. Salomón,18,Chile,54,67,Universidad Católica,€110K,€1K,1279,Right,1,3,2,Medium/ Medium,Lean,No,CB,28,1-Jul-17,,2020,6'0,150lbs
17376,237927,E. McGinty,18,Republic of Ireland,54,68,Sligo Rovers,€110K,€1K,964,Left,1,2,1,Medium/ Medium,Lean,No,GK,30,22-Feb-17,,2019,6'2,143lbs
17379,240236,L. Russe,18,England,54,66,Bristol Rovers,€110K,€1K,1488,Right,1,3,2,High/ High,Lean,No,CM,32,1-Jul-17,,2019,5'5,141lbs
17387,239477,A. Damlu,18,Turkey,54,71,Yeni Malatyaspor,€110K,€1K,835,Right,1,2,1,Medium/ Medium,Normal,No,GK,35,25-Jul-16,,2019,5'11,157lbs
17389,245622,S. Machino,18,Japan,54,65,Yokohama F. Marinos,€110K,€1K,1305,Right,1,3,2,Medium/ Medium,Lean,No,ST,39,1-Jan-18,,2021,6'0,161lbs
17393,242297,A. Søndergaard,17,Denmark,54,77,Wolverhampton Wanderers,€120K,€2K,844,Right,1,4,1,Medium/ Medium,Lean,No,GK,62,26-Jan-18,,2020,6'2,168lbs
17404,244356,M. Schmeling,18,Germany,54,68,MSV Duisburg,€130K,€1K,1359,Left,1,3,2,Medium/ Medium,Normal,No,LB,8,1-Jul-18,,2020,5'11,170lbs
17406,245125,P. Plewka,18,Poland,54,66,Wis?a Kraków,€110K,€1K,1405,Right,1,2,2,Medium/ Medium,Normal,No,CDM,80,11-Jul-17,,2019,5'9,154lbs
17408,246150,J. Echave,17,Chile,54,74,Unión Española,€110K,€1K,989,Right,1,2,1,Medium/ Medium,Normal,No,GK,1,1-Jul-18,,2021,5'11,159lbs
17410,241543,A. Lyons,17,Republic of Ireland,54,66,Bohemian FC,€90K,€1K,1456,Right,1,2,2,Medium/ Medium,Lean,No,RB,29,13-Oct-17,,2019,5'8,128lbs
17412,243337,G. Gibson,17,Norway,54,72,Sandefjord Fotball,€140K,€1K,1333,Right,1,3,2,Medium/ Medium,Normal,No,ST,46,18-Apr-18,,2021,5'9,157lbs
17413,245385,M. Saunders-Henry,18,England,54,65,Millwall,€110K,€1K,1376,Right,1,2,2,Medium/ Medium,Lean,No,RM,41,1-Jul-18,,2019,5'9,148lbs
17414,245386,J. Hanson,18,England,54,68,Millwall,€140K,€1K,1481,Right,1,3,2,Medium/ Medium,Normal,No,CM,38,1-Jul-18,,2019,5'9,148lbs
17418,245392,G. Botos,17,Greece,54,75,AEK Athens,€150K,€1K,1413,Right,1,3,2,Medium/ Medium,Lean,No,CAM,70,1-Jul-18,,2021,5'8,152lbs
17422,242582,Y. Ogaki,18,Japan,54,72,Nagoya Grampus,€140K,€1K,1373,Right,1,3,2,Medium/ Low,Lean,No,ST,13,1-Feb-18,,2021,5'9,154lbs
17427,246170,F. Gómez,18,Colombia,54,72,Itagüí Leones FC,€140K,€1K,1364,Right,1,3,2,Medium/ Medium,Normal,No,RM,16,8-Oct-18,,2021,5'9,146lbs
17432,239006,J. Isaksen,18,Norway,54,67,Kristiansund BK,€120K,€1K,1466,Right,1,3,2,Medium/ Medium,Lean,No,CM,14,1-Jan-17,,2019,6'0,150lbs
17439,242854,S. Walker,17,England,54,76,Middlesbrough,€150K,€4K,1304,Right,1,2,2,Medium/ Medium,Lean,No,ST,46,8-Nov-17,,2019,5'7,143lbs
17441,233383,P. Kalambayi,18,England,54,68,AFC Wimbledon,€130K,€1K,1166,Right,1,2,2,Medium/ Medium,Normal,No,CB,30,18-Feb-16,,2019,6'0,154lbs
17445,242347,I. Angking,18,United States,54,74,New England Revolution,€130K,€1K,1617,Right,1,4,2,Medium/ Medium,Normal,No,CDM,5,2-Jan-18,,2021,5'10,161lbs
17448,242607,D. Pik,17,Poland,54,68,Cracovia,€130K,€1K,1362,Right,1,3,2,Medium/ Medium,Normal,No,LM,97,21-Jan-18,,2021,5'10,163lbs
17449,246448,R. Campbell,18,England,54,65,Gillingham,€110K,€1K,1332,Left,1,3,3,High/ Medium,Normal,No,ST,36,13-Nov-18,,2020,6'1,174lbs
17450,245425,N. James,17,Australia,54,67,Newcastle Jets,€90K,€1K,838,Right,1,3,1,Medium/ Medium,Lean,No,GK,40,1-Jan-18,,2019,6'1,172lbs
17452,236468,A. Aktas,18,Turkey,54,74,Stade de Reims,€140K,€1K,1455,Right,1,3,2,Medium/ Low,Lean,No,CAM,33,10-Jul-18,,2021,5'10,154lbs
17455,243637,R. Hutchinson,18,England,54,74,Burton Albion,€130K,€1K,1317,Left,1,3,2,Medium/ Medium,Lean,No,LB,19,9-May-18,,2019,5'10,165lbs
17457,242103,E. Kalsaas,17,Norway,54,66,SK Brann,€90K,€1K,1389,Right,1,2,2,Medium/ Medium,Lean,No,RB,33,1-Jan-18,,2020,5'11,165lbs
17463,242108,K. Grozos,17,Australia,54,69,Western Sydney Wanderers,€130K,€1K,1439,Right,1,3,2,Medium/ Medium,Normal,No,CAM,6,1-Jul-17,,2020,5'10,159lbs
17464,244668,H. Brkic,18,Sweden,54,72,Trelleborgs FF,€140K,€1K,1276,Right,1,2,2,Medium/ Medium,Normal,No,ST,26,21-Jul-18,,2019,5'7,148lbs
17465,244413,M. Pfeifer,18,Austria,54,64,TSV Hartberg,€90K,€1K,1269,Right,1,2,2,Medium/ Medium,Lean,No,CB,17,1-Jul-17,,2021,6'2,154lbs
17468,241599,B. Crellin,18,England,54,74,Fleetwood Town,€110K,€1K,864,Right,1,3,1,Medium/ Medium,Normal,No,GK,31,12-Dec-16,,2020,6'1,132lbs
17474,243651,M. Sheaf,18,England,54,69,Hull City,€140K,€2K,1494,Right,1,3,2,Medium/ Medium,Lean,No,RM,28,18-May-18,,2021,6'0,165lbs
17476,239816,N. Mantl,18,Germany,54,68,SpVgg Unterhaching,€110K,€1K,860,Right,1,3,1,Medium/ Medium,Normal,No,GK,22,1-Jul-17,,2020,5'11,165lbs
17477,244169,K. Kumor,18,Poland,54,71,Zag??bie Sosnowiec,€140K,€1K,1406,Right,1,2,2,Medium/ Medium,Lean,No,RM,87,20-Feb-18,,2019,5'8,148lbs
17478,243915,S. McNamee,17,Republic of Ireland,54,72,Derry City,€130K,€1K,1424,Right,1,4,3,Medium/ Medium,Normal,No,RCM,33,15-Jun-18,,2021,5'9,154lbs
17481,241613,K. Katz,18,Finland,54,68,HJK Helsinki,€130K,€1K,1281,Right,1,3,2,Medium/ Medium,Lean,No,CB,16,1-Jan-17,,2020,5'11,165lbs
17482,238545,F. Al Birekan,18,Saudi Arabia,54,74,Al Nassr,€140K,€3K,1291,Left,1,3,2,Medium/ Low,Lean,No,ST,42,3-Mar-18,,2021,5'11,165lbs
17484,246228,J. Lankester,18,England,54,75,Ipswich Town,€160K,€1K,1437,Right,1,3,2,Medium/ Medium,Lean,No,ST,36,1-Jul-18,,2020,6'0,163lbs
17486,245462,S. ?api?ski,17,Poland,54,71,Jagiellonia Bia?ystok,€130K,€1K,1445,Right,1,3,2,Medium/ Medium,Normal,No,CAM,42,9-Aug-18,,2021,5'11,157lbs
17493,245469,A. Tymi?ski,18,Poland,54,67,Piast Gliwice,€110K,€1K,1236,Right,1,2,2,Medium/ Medium,Lean,No,CB,15,19-Jul-18,,2019,6'2,165lbs
17496,238303,K. Velde,18,Norway,54,64,FK Haugesund,€100K,€1K,1304,Right,1,3,2,Medium/ Medium,Lean,No,ST,33,6-Apr-17,,2020,5'10,143lbs
17501,240871,M. Saavedra,18,Chile,54,69,Audax Italiano,€140K,€1K,1395,Right,1,3,2,Medium/ Medium,Normal,No,ST,28,1-Jul-17,,2019,5'3,117lbs
17503,236009,C. John,18,England,54,72,Wolverhampton Wanderers,€130K,€3K,1434,Left,1,2,2,Medium/ Medium,Normal,No,CB,47,1-Jul-17,,2020,5'11,172lbs
17505,245993,T. Renaud,17,France,54,77,FC Lorient,€130K,€1K,1427,Right,1,3,2,Medium/ Medium,Lean,No,CDM,33,7-Sep-18,,2021,5'9,143lbs
17507,239084,K. Ackermann,17,Sweden,54,75,BK Häcken,€150K,€1K,1516,Right,1,3,2,Medium/ Medium,Normal,No,CM,24,12-Jun-17,,2021,5'10,183lbs
17508,241644,J. Romanski,18,England,54,64,Swindon Town,€90K,€1K,1331,Left,1,3,2,High/ Medium,Lean,No,LB,25,31-Oct-17,,2019,5'11,154lbs
17511,244465,J. Hamilton,18,Scotland,54,73,Livingston FC,€140K,€1K,1310,Right,1,2,2,Medium/ Medium,Lean,No,ST,30,30-Jun-17,,2020,6'0,176lbs
17515,245747,B. Rivera,18,Chile,54,73,CD Everton de Viña del Mar,€130K,€1K,1370,Right,1,3,2,Medium/ Medium,Lean,No,RDM,2,1-Jul-18,,2019,6'0,176lbs
17517,246004,D. Ojo,17,Italy,54,67,Yeovil Town,€100K,€1K,1416,Left,1,2,2,High/ Medium,Normal,No,LB,26,4-Sep-18,,2021,5'8,152lbs
17519,242422,J. Doherty,17,Republic of Ireland,54,74,Sheffield United,€120K,€1K,1424,Right,1,3,2,Medium/ Medium,Normal,No,CDM,42,1-Jul-18,,2019,6'0,165lbs
17520,243958,N. Geisler,17,Germany,54,71,FC Energie Cottbus,€130K,€1K,1410,Right,1,3,3,Medium/ Medium,Lean,No,RCM,28,22-Apr-18,,2019,5'10,148lbs
17522,245239,M. Kulke,17,Germany,54,72,SG Dynamo Dresden,€130K,€1K,1464,Right,1,3,2,Medium/ Medium,Normal,No,CM,36,2-Aug-18,,2020,5'10,159lbs
17523,244984,L. Pellegrini,18,France,54,71,AC Ajaccio,€130K,€1K,1385,Left,1,3,2,Medium/ Medium,Normal,No,LB,33,1-Jul-18,,2019,6'1,170lbs
17525,241401,S. Moloney,18,England,54,59,Bury,€60K,€1K,861,Right,1,2,1,Medium/ Medium,Normal,No,GK,43,1-Jul-17,,2019,5'11,154lbs
17528,242682,K. O'Sullivan,18,Republic of Ireland,54,66,Limerick FC,€110K,€1K,1445,Right,1,2,2,Medium/ Medium,Lean,No,RM,22,16-Feb-18,,2018,5'9,154lbs
17530,244478,K. Krzepisz,18,Poland,54,62,Arka Gdynia,€70K,€1K,889,Right,1,3,1,Medium/ Medium,Normal,No,GK,30,9-Jul-18,,2019,6'3,183lbs
17531,240383,O. Edlund,18,Sweden,54,66,Hammarby IF,€110K,€1K,1348,Right,1,3,2,Medium/ Medium,Lean,No,ST,30,1-Jan-17,,2018,5'11,143lbs
17535,245511,J. Wicks,18,England,53,68,Millwall,€120K,€1K,1490,Left,1,3,2,Medium/ Medium,Normal,No,CM,36,1-Jul-18,,2019,5'10,148lbs
17536,244232,S. Haubrock,18,Germany,53,69,VfL Osnabrück,€110K,€1K,1244,Right,1,3,2,Medium/ Medium,Normal,No,CB,4,1-Jul-18,,2020,6'1,168lbs
17538,245515,J. Brändle,18,Germany,53,70,1. FC Heidenheim 1846,€110K,€1K,1301,Left,1,2,2,Medium/ Medium,Lean,No,LB,31,6-Jul-18,,2021,5'9,154lbs
17541,243729,N. Sette,18,Australia,53,67,Melbourne Victory,€120K,€1K,1296,Right,1,2,2,Medium/ Medium,Normal,No,RW,26,1-Jun-18,,2019,6'0,154lbs
17542,241426,K. Sparta,18,Australia,53,67,AFC Wimbledon,€120K,€1K,1375,Right,1,2,2,Medium/ Low,Lean,No,CAM,29,22-May-18,,2019,5'10,154lbs
17555,241959,D. Smith,18,England,53,72,Portsmouth,€120K,€1K,1370,Right,1,3,2,Medium/ Medium,Lean,No,ST,34,1-Jan-18,,2019,5'10,137lbs
17559,244014,E. Löder,18,Germany,53,62,FC Erzgebirge Aue,€80K,€1K,1338,Right,1,3,2,Medium/ Medium,Normal,No,CAM,30,1-Jul-18,,2020,6'0,148lbs
17563,240433,E. Banza,18,Congo,53,67,HJK Helsinki,€120K,€1K,1374,Right,1,3,2,Medium/ Medium,Normal,No,RW,38,1-Jan-17,,2019,5'9,165lbs
17564,245041,Zhu Chenjie,17,China PR,53,74,Shanghai Greenland Shenhua FC,€120K,€1K,1222,Right,1,1,2,Low/ Medium,Normal,No,CB,5,13-Jul-18,,2021,6'1,176lbs
17565,243252,T. Hamer,18,England,53,73,Oldham Athletic,€110K,€1K,1346,Right,1,3,2,High/ Medium,Lean,No,RB,34,24-Apr-18,,2020,6'2,176lbs
17573,244551,F. Majchrowicz,18,Poland,53,65,Cracovia,€80K,€1K,925,Right,1,3,1,Medium/ Medium,Stocky,No,GK,82,9-Feb-18,,2020,6'4,205lbs
17576,244554,J. Dodd,17,England,53,66,Exeter City,€100K,€1K,1437,Right,1,3,2,Medium/ Medium,Lean,No,CM,36,1-Jul-18,,2019,5'10,146lbs
17581,244557,S. Sar?kaya,18,Turkey,53,72,Sivasspor,€120K,€1K,1473,Right,1,2,2,Low/ Medium,Lean,No,CM,71,22-Jan-18,,2022,5'9,137lbs
17582,244813,M. Zapytowski,17,Poland,53,65,Wis?a P?ock,€70K,€1K,770,Right,1,1,1,Medium/ Medium,Lean,No,GK,87,17-Jul-18,,2020,6'3,176lbs
17583,244815,A. Piróg,18,Poland,53,65,Korona Kielce,€100K,€1K,1468,Right,1,2,2,High/ Medium,Lean,No,CM,18,14-Jul-18,,2021,5'11,161lbs
17586,244565,E. Erhahon,17,Scotland,53,74,St. Mirren,€120K,€1K,1458,Left,1,3,2,Medium/ Medium,Lean,No,LB,39,10-Jul-17,,2021,5'8,141lbs
17587,244310,K. Jaksik,18,Poland,53,65,Górnik Zabrze,€80K,€1K,1334,Right,1,3,2,Medium/ Medium,Lean,No,RB,24,7-Jul-18,,2019,6'1,159lbs
17590,244825,B. Yáñez,17,Chile,53,71,Unión Española,€120K,€1K,1339,Left,1,3,2,High/ Low,Normal,No,LW,35,1-Jul-18,,2021,5'5,143lbs
17591,236634,H. Stenevik,18,Norway,53,72,SK Brann,€120K,€1K,1347,Right,1,3,2,Medium/ Medium,Lean,No,LW,20,1-Jan-17,,2018,6'1,154lbs
17600,244326,P. Selkos,18,Greece,53,71,SC Paderborn 07,€120K,€1K,1340,Left,1,4,2,Medium/ Medium,Normal,No,ST,16,1-Jul-18,,2020,6'0,154lbs
17603,240489,M. Christiansen,17,Norway,53,63,Lillestrøm SK,€60K,€1K,888,Right,1,1,1,Medium/ Medium,Normal,No,GK,40,20-May-18,,2021,6'6,176lbs
17604,237930,S. Hausner,18,Denmark,53,67,Aarhus GF,€110K,€1K,1214,Left,1,3,2,Medium/ Medium,Lean,No,CB,37,27-Feb-17,,2020,6'2,172lbs
17605,245866,L. Pelletier,18,France,53,68,RC Strasbourg Alsace,€100K,€1K,818,Right,1,2,1,Medium/ Medium,Lean,No,GK,40,1-Jul-18,,2021,6'1,165lbs
17606,243566,T. Herbots,17,Belgium,53,73,Sint-Truidense VV,€100K,€1K,828,Right,1,3,1,Medium/ Medium,Normal,No,GK,35,15-May-18,,2020,6'1,154lbs
17610,245619,T. Nishiyama,18,Japan,53,67,Yokohama F. Marinos,€110K,€1K,1256,Right,1,2,2,Low/ Medium,Lean,No,CB,34,1-Jan-18,,2021,5'11,152lbs
17616,234365,K. Krygård,18,Norway,53,62,FK Haugesund,€90K,€1K,1337,Right,1,2,2,Medium/ Medium,Normal,No,ST,99,1-Jan-16,,2019,5'9,165lbs
17624,245638,M. Twarowski,17,Poland,53,72,Jagiellonia Bia?ystok,€120K,€1K,1252,Right,1,2,2,Medium/ Medium,Lean,No,ST,30,18-Aug-18,,2021,6'2,172lbs
17628,240008,A. Papadopoulos,18,Germany,53,73,VfR Aalen,€110K,€1K,1277,Right,1,3,2,Medium/ Medium,Normal,No,CB,29,1-Jul-17,,2020,6'1,172lbs
17629,245384,P. Buch Christiansen,18,Denmark,53,70,SønderjyskE,€120K,€1K,1294,Right,1,3,2,Medium/ Medium,Normal,No,ST,20,12-Aug-18,,2022,5'9,161lbs
17632,246154,L. McCarron,17,England,53,63,Carlisle United,€80K,€1K,1374,Right,1,3,2,High/ Low,Normal,No,RW,27,29-Sep-18,,2020,5'9,134lbs
17633,245899,H. Hernández,17,Colombia,53,71,Atlético Huila,€120K,€1K,1473,Right,1,3,2,Medium/ Medium,Normal,No,CM,31,5-Jul-18,,2021,5'9,150lbs
17634,244620,L. Jacot,18,Switzerland,53,69,FC Luzern,€100K,€1K,775,Right,1,3,1,Medium/ Medium,Normal,No,GK,22,,Neuchâtel Xamax,30-Jun-19,6'3,187lbs
17635,240525,M. Bildøy,18,Norway,53,69,SK Brann,€120K,€1K,1419,Right,1,2,2,Medium/ Medium,Normal,No,RW,34,1-Jan-17,,2019,5'7,148lbs
17643,242068,L. Moser,18,Germany,53,71,1. FC Union Berlin,€100K,€1K,808,Right,1,3,1,Medium/ Medium,Normal,No,GK,30,2-May-17,,2021,6'5,194lbs
17644,238230,J. Campaz,18,Colombia,53,75,Deportes Tolima,€130K,€1K,1342,Left,1,2,2,Medium/ Medium,Normal,No,LM,28,1-Apr-17,,2021,5'7,150lbs
17648,238746,K. Lasko?,18,Poland,53,71,Wis?a Kraków,€110K,€1K,1523,Right,1,3,2,Medium/ Medium,Lean,No,CB,47,10-Jan-17,,2019,6'0,163lbs
17649,244122,J. Nahr,18,Germany,53,67,FC Carl Zeiss Jena,€120K,€1K,1381,Right,1,3,2,Medium/ Medium,Normal,No,ST,13,1-Jul-18,,2020,5'9,154lbs
17652,244895,A. Yusuf,17,Nigeria,53,69,IFK Göteborg,€120K,€1K,1419,Right,1,3,2,Medium/ Medium,Lean,No,CM,28,25-Jul-18,,2020,5'9,146lbs
17654,244132,L. Sedlak,18,Germany,53,66,FC Carl Zeiss Jena,€80K,€1K,817,Right,1,3,1,Medium/ Medium,Lean,No,GK,12,1-Jul-18,,2019,6'2,174lbs
17655,246180,A. Bates,17,England,53,72,Walsall,€120K,€1K,1487,Right,1,3,2,Medium/ Medium,Lean,No,CM,32,10-Oct-18,,2019,5'9,141lbs
17665,243116,J. Smylie,18,Australia,53,65,Central Coast Mariners,€100K,€1K,1245,Right,1,3,2,Medium/ Medium,Normal,No,ST,28,31-Mar-18,,2021,5'11,168lbs
17677,246454,D. Revan,17,England,53,72,Aston Villa,€110K,€1K,1233,Left,1,3,2,Medium/ High,Normal,No,CB,39,1-Jul-18,,2020,6'4,179lbs
17683,243386,D. Valencia,18,Chile,53,74,Universidad Católica,€140K,€1K,1320,Right,1,3,2,Medium/ Medium,Lean,No,ST,31,15-Jan-17,,2021,5'11,150lbs
17684,240066,D. Dumont,18,France,53,66,GFC Ajaccio,€90K,€1K,1239,Right,1,3,2,Medium/ Medium,Lean,No,CB,15,6-Jun-17,,2019,5'9,143lbs
17686,243139,J. Borquez,18,Chile,53,74,Deportes Iquique,€110K,€1K,1054,Right,1,3,1,Medium/ Medium,Stocky,No,GK,12,18-Mar-18,,2021,5'9,181lbs
17690,244679,A. Ben Lamin,17,Sweden,53,67,AIK,€110K,€1K,1258,Right,1,2,2,Medium/ Medium,Normal,No,CB,32,1-Jan-18,,2018,6'0,154lbs
17694,241870,M. Casey,18,England,53,73,Portsmouth,€110K,€1K,1194,Right,1,3,2,Medium/ Medium,Lean,No,CB,31,9-Dec-17,,2019,6'8,176lbs
17703,245463,M. Ozga,18,Poland,53,68,Jagiellonia Bia?ystok,€110K,€1K,1277,Right,1,2,2,Medium/ Medium,Normal,No,CB,41,9-Jul-18,,2021,5'11,154lbs
17705,243162,P. Kekeris,18,Australia,53,70,Central Coast Mariners,€120K,€1K,1229,Right,1,3,3,Medium/ Medium,Lean,No,LW,17,7-Apr-18,,2019,5'8,143lbs
17709,245723,S. Gustafsson,18,Sweden,53,69,Örebro SK,€100K,€1K,954,Right,1,2,1,Medium/ Medium,Normal,No,GK,55,23-Aug-18,,2019,6'2,170lbs
17712,245470,K. Broda,16,Poland,53,74,Wis?a Kraków,€110K,€1K,784,Right,1,2,1,Medium/ Medium,Normal,No,GK,48,18-Aug-17,,2021,6'3,187lbs
17713,240096,L. Brook,17,Australia,53,75,Adelaide United,€130K,€1K,1336,Left,1,3,3,Medium/ Medium,Lean,No,CAM,18,1-Jun-17,,2019,5'10,152lbs
17716,244455,M. Knox,18,Scotland,53,75,Livingston FC,€140K,€1K,1312,Right,1,3,2,Medium/ Medium,Normal,No,ST,16,1-Jul-16,,2019,5'8,146lbs
17718,243690,W. D?ugosz,18,Poland,53,63,Korona Kielce,€90K,€1K,1372,Right,1,3,2,Medium/ Medium,Lean,No,CAM,16,8-Feb-18,,2021,6'0,146lbs
17721,246005,J. King,17,Australia,53,69,Sydney FC,€100K,€1K,1362,Left,1,3,2,Medium/ Medium,Lean,No,LB,25,11-Sep-18,,2019,5'10,150lbs
17723,246262,L. Soldini,17,Switzerland,53,71,FC Lugano,€100K,€1K,850,Right,1,2,1,Medium/ Medium,Lean,No,GK,76,7-Oct-18,,2021,5'10,165lbs
17725,246008,J. Skotadis,18,Australia,53,68,Sydney FC,€120K,€1K,1322,Right,1,3,2,Medium/ Medium,Lean,No,RW,26,11-Sep-18,,2019,5'8,143lbs
17727,242941,M. Bustgaard Larsen,18,Norway,53,70,Odds BK,€120K,€1K,1323,Left,1,3,2,Medium/ Medium,Normal,No,LW,23,6-Mar-17,,2020,5'9,143lbs
17729,233727,C. McLennan,18,Scotland,53,73,Aberdeen,€120K,€1K,1315,Right,1,3,3,Medium/ Medium,Normal,No,RM,27,1-Jul-15,,2021,6'0,152lbs
17733,243203,K. Høgh,17,Denmark,52,66,Randers FC,€100K,€1K,1286,Right,1,3,2,High/ Medium,Normal,No,ST,42,7-Dec-17,,2020,5'10,134lbs
17735,244996,R. Campbell,17,England,52,72,Notts County,€100K,€2K,1317,Right,1,2,2,Medium/ Medium,Lean,No,ST,34,1-Jan-17,,2020,6'1,172lbs
17738,245767,R. Yamamoto,17,Japan,52,68,V-Varen Nagasaki,€100K,€1K,1346,Right,1,3,2,Medium/ Low,Lean,No,CF,31,4-Apr-18,,2021,5'8,143lbs
17739,243720,P. Sokó?,18,Poland,52,74,Korona Kielce,€100K,€1K,807,Right,1,3,1,Medium/ Medium,Normal,No,GK,88,31-Aug-16,,2021,6'4,185lbs
17740,240650,R. Najjarine,18,Australia,52,71,Melbourne City FC,€100K,€1K,1394,Left,1,3,2,High/ Medium,Normal,No,LW,35,18-Jul-17,,2020,5'9,157lbs
17741,245002,P. Durin,17,Croatia,52,74,Portsmouth,€90K,€1K,822,Right,1,3,1,Medium/ Medium,Lean,No,GK,56,30-Jul-18,,2020,6'1,176lbs
17743,244752,J. Olstad,16,Norway,52,69,Sarpsborg 08 FF,€100K,€1K,1308,Right,1,3,2,Medium/ Medium,Lean,No,ST,25,8-Nov-17,,2019,5'8,150lbs
17744,245264,M. Kaufmann,17,Denmark,52,68,Aalborg BK,€100K,€1K,1221,Right,1,3,2,High/ Medium,Normal,No,ST,29,6-Aug-18,,2021,6'3,176lbs
17745,246288,E. Bojang,17,Sweden,52,69,Hammarby IF,€80K,€1K,827,Right,1,3,1,Medium/ Medium,Lean,No,GK,28,1-Jan-18,,2018,6'1,165lbs
17746,246548,O. Sahraoui,17,Norway,52,67,Vålerenga Fotball,€100K,€1K,1413,Right,1,3,2,Medium/ Medium,Lean,No,CM,36,24-Nov-18,,2021,5'5,117lbs
17751,245537,E. Ceide,16,Norway,52,75,Rosenborg BK,€110K,€1K,1320,Right,1,2,2,Medium/ Medium,Lean,No,RW,35,1-Jul-18,,2021,5'9,154lbs
17753,245539,B. Waine,16,New Zealand,52,66,Wellington Phoenix,€100K,€1K,1279,Right,1,3,2,High/ Medium,Lean,No,ST,24,1-Jan-18,,2019,5'9,165lbs
17757,246315,L. Smyth,16,Northern Ireland,52,73,Stevenage,€110K,€1K,1331,Right,1,3,2,Medium/ Medium,Normal,No,ST,29,1-Jan-18,,2021,5'10,159lbs
17760,245548,A. Scott,18,Northern Ireland,52,68,Accrington Stanley,€100K,€1K,1316,Right,1,2,2,High/ Medium,Lean,No,ST,23,13-Aug-18,,2021,5'11,154lbs
17762,244783,T. Koch,17,Austria,52,73,SK Sturm Graz,€100K,€1K,1402,Right,1,3,2,Medium/ Medium,Normal,No,CDM,22,1-Jul-18,,2019,5'11,165lbs
17763,245552,A. Romairone,18,Italy,52,71,Carpi,€100K,€1K,1259,Right,1,2,2,High/ Low,Lean,No,ST,16,3-Aug-18,,2019,6'0,154lbs
17765,238390,A. Georgiou,18,Cyprus,52,65,Stevenage,€90K,€1K,1268,Left,1,3,3,Medium/ Medium,Normal,No,ST,18,3-Apr-17,,2018,5'11,154lbs
17768,246331,H. Hauso,17,Norway,52,68,Vålerenga Fotball,€90K,€1K,1243,Right,1,3,2,Medium/ Medium,Normal,No,CB,30,7-Jun-18,,2020,5'9,161lbs
17771,245567,G. Tolino,18,Switzerland,52,74,FC St. Gallen,€100K,€1K,799,Right,1,3,1,Medium/ Medium,Normal,No,GK,30,30-Jun-18,,2019,6'1,176lbs
17772,243520,A. McCann,18,Scotland,52,72,St. Johnstone FC,€100K,€1K,1402,Right,1,3,2,Medium/ Medium,Lean,No,CM,18,1-Jul-18,,2019,5'10,143lbs
17776,244553,M. Köstenbauer,16,Austria,52,74,FC Admira Wacker Mödling,€90K,€1K,797,Right,1,3,1,Medium/ Medium,Lean,No,GK,28,1-Jul-18,,2021,6'1,154lbs
17777,246348,J. Diaz,17,Colombia,52,74,Independiente Medellín,€110K,€1K,1548,Right,1,3,2,Medium/ High,Lean,No,CM,7,10-Nov-18,,2021,6'1,165lbs
17779,245584,C. Moore,18,Scotland,52,70,Dundee FC,€100K,€1K,1433,Right,1,3,2,Medium/ Medium,Lean,No,CM,45,1-Jan-16,,2019,6'0,146lbs
17782,243539,K. Yakob,17,Sweden,52,70,BK Häcken,€100K,€1K,1437,Right,1,3,2,Medium/ Medium,Normal,No,CM,18,14-May-18,,2022,5'10,161lbs
17783,245332,S. Opsahl,18,Norway,52,67,Vålerenga Fotball,€100K,€1K,1408,Right,1,3,2,Medium/ Medium,Lean,No,CM,20,7-Aug-18,,2021,6'2,148lbs
17784,246100,K. Askildsen,17,Norway,52,77,Stabæk Fotball,€110K,€1K,1405,Right,1,3,2,Medium/ Medium,Normal,No,CM,14,21-Sep-18,,2021,6'1,154lbs
17790,242786,A. Lesiotis,18,Australia,52,69,Melbourne City FC,€90K,€1K,1367,Right,1,4,2,Medium/ High,Lean,No,CDM,39,24-Feb-18,,2019,5'7,143lbs
17791,245090,L. Beckemeyer,18,Germany,52,68,VfL Osnabrück,€80K,€1K,830,Right,1,3,1,Medium/ Medium,Lean,No,GK,21,1-Jul-18,,2019,6'1,165lbs
17793,243811,M. Boe Mikkelsen,18,Denmark,52,68,Vendsyssel FF,€100K,€1K,1367,Right,1,3,2,High/ Medium,Normal,No,RM,18,1-Jul-18,,2021,5'9,143lbs
17795,245611,D. Parkhouse,18,Northern Ireland,52,71,Sheffield United,€100K,€1K,1292,Right,1,2,2,Medium/ Medium,Normal,No,ST,35,1-Jul-17,,2019,6'1,179lbs
17802,244347,S. Pryce,18,England,52,64,Swindon Town,€80K,€1K,1279,Right,1,3,2,High/ Low,Normal,No,ST,28,1-Jul-18,,2019,5'11,159lbs
17803,242044,G. Zuñiga,18,Chile,52,62,CD O'Higgins,€60K,€1K,1362,Right,1,3,2,Medium/ Medium,Lean,No,RB,30,1-Jan-17,,2021,5'10,154lbs
17805,243584,S. Bohan,17,Republic of Ireland,52,67,Bohemian FC,€80K,€1K,839,Right,1,1,1,Medium/ Medium,Lean,No,GK,31,27-Apr-18,,2018,5'11,154lbs
17808,245123,A. Mahlonoko,16,South Africa,52,71,Orlando Pirates,€100K,€1K,1371,Right,1,3,2,High/ Medium,Lean,No,CAM,38,3-Aug-18,,2020,5'8,130lbs
17812,245131,G. Tsitaishvili,17,Ukraine,52,72,Dynamo Kyiv,€100K,€1K,1294,Left,1,2,2,High/ Medium,Lean,No,RM,31,1-Jul-17,,2018,5'7,139lbs
17818,241559,C. Gutiérrez,18,Chile,52,70,CD Antofagasta,€100K,€1K,1279,Right,1,2,2,Medium/ Medium,Normal,No,ST,34,1-Jul-16,,2021,5'6,143lbs
17821,245407,N. Ziswiler,18,Switzerland,52,68,FC Thun,€80K,€1K,811,Right,1,3,1,Medium/ Medium,Lean,No,GK,22,1-Jul-18,,2020,6'1,168lbs
17823,238756,J. Larsen,18,Norway,52,67,Sarpsborg 08 FF,€100K,€1K,1273,Right,1,3,2,Medium/ Medium,Normal,No,ST,45,18-Mar-16,,2020,6'4,174lbs
17825,243366,O. Klitten,18,Denmark,52,68,Aalborg BK,€100K,€1K,1248,Right,1,3,2,Medium/ Medium,Lean,No,ST,15,29-Apr-18,,2021,6'0,150lbs
17826,243367,K. Yamada,18,Japan,52,63,Yokohama F. Marinos,€70K,€1K,1409,Right,1,2,2,Medium/ Medium,Lean,No,RB,38,1-Jan-18,,2021,5'9,132lbs
17828,239019,J. Delianov,18,Australia,52,71,Melbourne City FC,€80K,€1K,853,Left,1,3,1,Medium/ Medium,Normal,No,GK,42,1-Jun-17,,2019,6'2,187lbs
17829,238766,J. Riquelme,18,Chile,52,72,CD Huachipato,€90K,€1K,1325,Left,1,2,2,Medium/ Medium,Lean,No,LB,36,1-Jan-18,,2020,5'11,159lbs
17834,245175,G. Severinsen,18,Norway,52,69,Tromsø IL,€90K,€1K,1401,Right,1,2,2,Medium/ Medium,Normal,No,CDM,33,5-Aug-18,,2021,6'0,174lbs
17839,245434,S. Kayembe,17,Sweden,52,64,IK Sirius,€80K,€1K,1285,Left,1,3,2,Medium/ Medium,Normal,No,LM,13,29-Mar-18,,2020,5'10,172lbs
17841,244925,F. Tauchhammer,16,Austria,52,71,Wolfsberger AC,€90K,€1K,1315,Right,1,3,2,Medium/ Medium,Lean,No,RB,25,1-Jul-18,,2021,6'0,141lbs
17847,246466,G. Pintidis,18,Germany,52,68,FC Ingolstadt 04,€100K,€2K,1398,Right,1,3,2,Medium/ Medium,Stocky,No,CM,22,1-Jul-17,,2020,5'10,154lbs
17848,242633,M. Frendrup,17,Denmark,52,68,Brøndby IF,€100K,€2K,1382,Right,1,2,2,Medium/ Medium,Lean,No,CM,32,11-Feb-18,,2021,5'10,139lbs
17852,243411,N. Marthinussen,18,Norway,52,65,SK Brann,€80K,€1K,1301,Right,1,2,2,Low/ Medium,Lean,No,CB,35,3-May-18,,2020,5'11,154lbs
17859,240605,A. Collins,18,England,52,67,Exeter City,€100K,€1K,1371,Right,1,3,2,Medium/ Medium,Normal,No,CAM,27,1-Jul-17,,2019,5'9,139lbs
17860,240606,J. Sparkes,17,England,52,68,Exeter City,€100K,€1K,1396,Left,1,3,2,Medium/ Medium,Normal,No,LM,31,1-Jul-17,,2019,5'9,139lbs
17863,242145,B. Gradecki,18,Poland,52,62,Wis?a P?ock,€60K,€1K,787,Right,1,1,1,Medium/ Medium,Lean,No,GK,28,10-Jul-17,,2019,6'4,201lbs
17875,239086,D. Thøgersen,18,Denmark,52,66,Aarhus GF,€90K,€1K,1304,Left,1,3,2,Medium/ Medium,Lean,No,LB,33,18-May-17,,2020,6'0,165lbs
17878,246003,F. Norman,18,England,52,67,Exeter City,€80K,€1K,848,Right,1,2,1,Medium/ Medium,Normal,No,GK,32,4-Sep-18,,2019,6'1,159lbs
17881,242165,R. Hauge,16,Norway,52,67,FK Bodø/Glimt,€100K,€1K,1457,Right,1,2,2,Medium/ Medium,Normal,No,CM,34,1-Sep-17,,2020,5'9,154lbs
17883,240118,I. Aliu,18,Switzerland,52,72,FC Zürich,€100K,€1K,1341,Right,1,3,2,Medium/ Medium,Lean,No,CM,21,1-Jul-16,,2021,5'11,154lbs
17885,241655,K. Thiesson Kristensen,18,Denmark,52,66,Aarhus GF,€80K,€1K,791,Right,1,2,1,Medium/ Medium,Normal,No,GK,31,1-Aug-17,,2019,6'3,165lbs
17886,244472,J. Cajuste,18,Sweden,52,70,FC Midtjylland,€90K,€1K,1463,Right,1,3,2,Medium/ Medium,Normal,No,CDM,40,1-Jul-18,,2023,6'2,170lbs
17887,246009,M. Tilio,16,Australia,52,69,Sydney FC,€100K,€1K,1420,Left,1,3,2,Medium/ Medium,Normal,No,CAM,27,11-Sep-18,,2019,5'7,148lbs
17893,243465,C. Romaña,18,Colombia,51,70,Boyacá Chicó FC,€70K,€1K,1203,Right,1,2,2,Medium/ High,Normal,No,CB,5,4-May-18,,2021,5'11,165lbs
17894,243979,H. Ræstad,18,Norway,51,61,Molde FK,€40K,€1K,813,Right,1,2,1,Medium/ Medium,Lean,No,GK,46,19-Jul-18,,2018,6'2,170lbs
17896,243724,D. Mamaliga,17,Moldova,51,67,Bray Wanderers,€70K,€1K,1435,Right,1,3,3,Medium/ Medium,Normal,No,CM,27,25-May-18,,2018,6'0,154lbs
17898,243726,L. Kerrigan,18,Republic of Ireland,51,66,Sligo Rovers,€80K,€1K,1287,Right,1,3,2,Medium/ Medium,Lean,No,CAM,23,9-Mar-18,,2019,5'7,143lbs
17899,244494,F. Delaveris,17,Norway,51,66,Odds BK,€70K,€1K,1279,Right,1,3,2,Medium/ Medium,Normal,No,LW,29,9-May-18,,2020,5'9,154lbs
17901,243216,J. Dunn,17,Canada,51,74,Toronto FC,€70K,€1K,1154,Right,1,3,2,Medium/ Medium,Lean,No,CB,52,17-Sep-17,,2021,6'1,168lbs
17902,236818,A. Read,18,England,51,63,Luton Town,€60K,€1K,1324,Left,1,4,2,Medium/ Medium,Lean,No,LM,35,22-Nov-16,,2019,5'10,141lbs
17904,241690,M. Wolfe,18,England,51,73,Barnsley,€80K,€1K,1426,Right,1,3,2,Medium/ Medium,Lean,No,CM,36,13-Oct-17,,2019,5'11,165lbs
17909,244777,J. Osobi?ski,18,Poland,51,61,Korona Kielce,€40K,€1K,774,Right,1,1,1,Medium/ Medium,Normal,No,GK,97,14-Jul-18,,2021,6'3,194lbs
17913,237619,S. Twine,18,England,51,63,Swindon Town,€60K,€1K,1283,Right,1,3,2,Medium/ Medium,Lean,No,ST,24,29-Apr-16,,2019,5'9,152lbs
17914,246325,C. McWilliams,17,England,51,65,Northampton Town,€60K,€1K,1364,Right,1,3,2,Medium/ Medium,Lean,No,RB,35,6-Nov-18,,2019,5'10,146lbs
17916,246330,K. Ogudugu,17,Norway,51,68,Vålerenga Fotball,€70K,€1K,1297,Right,1,3,2,Medium/ Medium,Normal,No,RW,37,11-Nov-18,,2021,5'9,161lbs
17918,242241,P. Niyongabire,18,Burundi,51,67,Adelaide United,€80K,€1K,1332,Right,1,3,2,Medium/ Medium,Normal,No,CAM,24,1-Oct-17,,2020,5'11,172lbs
17921,246601,J. Rowland,16,England,51,66,Shrewsbury,€70K,€1K,1334,Right,1,3,2,Medium/ Medium,Lean,No,CAM,35,1-Jul-16,,2020,5'5,143lbs
17922,244556,W. Dean,17,England,51,67,Exeter City,€70K,€1K,1425,Right,1,2,2,Medium/ Medium,Normal,No,CM,41,1-Jul-18,,2019,5'11,137lbs
17923,246092,A. Reghba,18,Republic of Ireland,51,69,Bohemian FC,€80K,€1K,1303,Right,1,2,3,Medium/ Medium,Normal,No,ST,7,8-Sep-18,,2018,5'11,159lbs
17925,243535,J. Conze,18,Germany,51,65,SC Preußen Münster,€80K,€1K,1368,Right,1,3,2,Medium/ High,Normal,No,LM,46,1-May-18,,2020,6'1,170lbs
17929,244056,C. Øyvann,18,Norway,51,66,FK Bodø/Glimt,€70K,€1K,1213,Right,1,3,2,Medium/ Medium,Normal,No,CB,32,27-Jun-18,,2021,6'1,165lbs
17931,246620,E. McCue,17,Sweden,51,74,Houston Dynamo,€70K,€1K,1203,Right,1,3,2,Low/ High,Lean,No,CB,32,30-Oct-18,,2021,6'4,185lbs
17935,245859,S. Sarri,17,Italy,51,74,Foggia,€70K,€1K,802,Right,1,3,1,Medium/ Medium,Normal,No,GK,12,1-Jul-18,,2021,6'0,176lbs
17936,244324,O. Schindler,18,Hungary,51,65,SC Paderborn 07,€70K,€1K,1394,Right,1,3,2,Medium/ Medium,Normal,No,CDM,24,1-Jul-18,,2019,6'1,163lbs
17938,245861,L. Cavallini,18,Italy,51,69,Foggia,€80K,€1K,1320,Left,1,3,2,Medium/ Medium,Lean,No,LW,15,1-Jul-18,,2021,5'10,157lbs
17939,234096,B. Hvidt,18,Denmark,51,65,Aarhus GF,€80K,€1K,1451,Right,1,3,2,Medium/ Medium,Normal,No,CM,22,7-May-16,,2019,6'0,176lbs
17940,246129,S. Pollock,17,England,51,69,Northampton Town,€70K,€1K,1441,Right,1,3,3,Medium/ High,Lean,No,CM,33,29-Sep-18,,2020,5'10,146lbs
17941,246134,J. Baxter,17,England,51,67,Preston North End,€70K,€1K,1404,Right,1,3,2,Medium/ Medium,Lean,No,CM,30,1-Jul-18,,2021,5'10,159lbs
17942,246135,T. Stead,18,England,51,67,Preston North End,€70K,€1K,1210,Right,1,3,2,Medium/ Medium,Normal,No,CB,31,1-Jul-18,,2021,5'10,159lbs
17943,246136,A. O'Reilly,17,Republic of Ireland,51,71,Preston North End,€70K,€1K,1424,Right,1,3,2,Medium/ Medium,Normal,No,CM,32,1-Jul-18,,2021,5'10,159lbs
17946,244862,C. Royo,17,Germany,51,68,SV Darmstadt 98,€60K,€1K,1289,Left,1,2,2,Medium/ Low,Lean,No,LB,39,24-Jul-18,,2019,5'7,130lbs
17948,245126,M. Grabowski,18,Poland,51,63,Wis?a Kraków,€50K,€1K,1308,Left,1,2,2,Medium/ Medium,Normal,No,LB,21,1-Jul-18,,2020,5'9,143lbs
17949,244359,L. Catherall,18,England,51,59,Gillingham,€40K,€1K,760,Right,1,2,1,Medium/ Medium,Stocky,No,GK,32,1-Jul-18,,2019,6'4,165lbs
17950,243338,A. Bark,17,Sweden,51,66,Örebro SK,€70K,€1K,1266,Right,1,2,2,Medium/ Low,Lean,No,ST,48,22-Dec-16,,2019,5'10,143lbs
17956,246161,C. Murphy,18,Republic of Ireland,51,66,Cork City,€80K,€1K,1338,Right,1,3,2,Medium/ Medium,Normal,No,ST,24,6-Jul-18,,2020,6'1,179lbs
17957,243347,A. Bærtelsen,18,Denmark,51,66,Aalborg BK,€70K,€1K,1205,Right,1,3,2,Medium/ Medium,Normal,No,CB,34,18-Apr-18,,2021,5'10,150lbs
17961,246171,L. Mwandwe,17,England,51,68,Shrewsbury,€70K,€1K,1248,Right,1,3,2,Medium/ Medium,Lean,No,ST,37,9-Oct-18,,2020,5'10,154lbs
17963,244893,G. Smith,18,Northern Ireland,51,64,Dundalk,€60K,€1K,1186,Right,1,2,2,Medium/ Medium,Normal,No,CB,26,8-Mar-18,,2018,5'11,161lbs
17968,238502,L. Reilly,18,England,51,69,Crewe Alexandra,€80K,€2K,1276,Right,1,4,2,Medium/ Medium,Lean,No,ST,24,25-Apr-17,,2020,5'11,141lbs
17969,241574,S. Bugge Jepsen,18,Denmark,51,66,Aarhus GF,€80K,€1K,1447,Right,1,3,2,Medium/ Medium,Lean,No,CM,28,1-Jul-17,,2021,5'10,161lbs
17971,242601,M. Najjar,18,Australia,51,70,Melbourne City FC,€80K,€1K,1260,Left,1,3,3,High/ Low,Normal,No,ST,30,13-Feb-18,,2019,6'0,159lbs
17972,243369,J. Harboe,18,Denmark,51,69,Odense Boldklub,€80K,€1K,1408,Right,1,3,2,Medium/ Medium,Normal,No,CM,17,9-Apr-18,,2021,5'10,152lbs
17976,243891,M. Larsen,16,Denmark,51,71,Esbjerg fB,€70K,€1K,1348,Right,1,2,2,Medium/ Medium,Lean,No,CM,50,1-Jan-18,,2019,5'11,152lbs
17977,246201,E. López,18,Colombia,51,71,Envigado FC,€80K,€1K,1374,Right,1,2,2,Medium/ Medium,Lean,No,CM,21,12-Oct-18,,2021,5'10,159lbs
17983,244926,J. Steiger,17,Austria,51,72,Wolfsberger AC,€80K,€1K,1413,Right,1,3,2,Medium/ Medium,Lean,No,CM,17,1-Jul-17,,2020,6'1,159lbs
17984,244927,L. Schöfl,17,Austria,51,72,Wolfsberger AC,€80K,€1K,1421,Right,1,3,2,Medium/ Medium,Lean,No,CM,23,1-Jul-18,,2021,5'10,159lbs
17985,244674,O. Urhoghide,17,England,51,61,AFC Wimbledon,€40K,€1K,1246,Right,1,3,2,Medium/ High,Lean,No,CB,37,6-Apr-18,,2019,6'0,154lbs
17991,245464,M. Wo?niak,17,Poland,51,69,Lechia Gda?sk,€60K,€1K,824,Right,1,2,1,Medium/ Medium,Normal,No,GK,71,1-Feb-18,,2019,6'1,176lbs
17992,242907,B. Reynolds,17,United States,51,73,FC Dallas,€80K,€1K,1255,Right,1,2,2,Medium/ Medium,Lean,No,ST,29,22-Nov-16,,2020,6'3,170lbs
17998,240356,T. Rohde,18,Denmark,51,67,AC Horsens,€80K,€1K,1294,Right,1,3,2,Medium/ Medium,Normal,No,ST,28,3-Aug-17,,2021,5'9,176lbs
17999,245477,J. Pawlik,18,Poland,51,68,Zag??bie Sosnowiec,€70K,€1K,1284,Left,1,2,2,Medium/ Medium,Lean,No,LB,5,18-Jul-18,,2019,5'9,154lbs
18000,246245,H. Kisiel,17,Poland,51,68,Mied? Legnica,€70K,€1K,1430,Right,1,3,2,Medium/ Medium,Normal,No,CM,16,25-Oct-18,,2020,6'0,150lbs
18001,242150,S. Laitinen,18,Finland,51,66,HJK Helsinki,€70K,€1K,1321,Right,1,3,2,Medium/ Medium,Normal,No,RB,33,1-Jan-18,,2019,5'9,163lbs
18002,244201,L. Jephcott,18,Wales,51,67,Plymouth Argyle,€80K,€1K,1279,Right,1,3,2,Medium/ Medium,Normal,No,ST,35,25-Jun-18,,2019,5'10,165lbs
18003,239594,J. Imbrechts,16,Sweden,51,72,Sporting de Charleroi,€70K,€1K,790,Right,1,2,1,Medium/ Medium,Lean,No,GK,12,1-Jul-17,,2019,5'11,150lbs
18004,242667,J. O'Keeffe,18,Republic of Ireland,51,65,Dundalk,€80K,€1K,1255,Right,1,2,2,Medium/ Medium,Lean,No,ST,25,7-Oct-17,,2018,5'11,163lbs
18011,241144,J. Ellis,17,England,51,67,Bray Wanderers,€70K,€1K,1259,Right,1,3,2,Medium/ Medium,Normal,No,RS,24,1-Jan-17,,2018,5'11,165lbs
18012,244217,B. Galach,17,Poland,51,63,Crawley Town,€60K,€1K,1296,Left,1,2,2,High/ Medium,Lean,No,ST,26,27-Jun-18,,2021,5'9,157lbs
18016,246020,J. Adebayo-Smith,17,United States,50,68,Lincoln City,€60K,€1K,1231,Right,1,3,2,Medium/ Medium,Lean,No,ST,30,1-Sep-18,,2021,5'11,170lbs
18018,243722,B. O'Gorman,16,Republic of Ireland,50,69,Bray Wanderers,€60K,€1K,1261,Right,1,3,2,Medium/ Medium,Normal,No,RM,26,25-May-18,,2018,5'9,161lbs
18020,246291,L. Cornic,17,Norway,50,71,Vålerenga Fotball,€60K,€1K,1299,Right,1,3,2,Medium/ Medium,Normal,No,RB,17,8-Mar-18,,2020,5'10,154lbs
18021,245018,A. Ousou,18,Sweden,50,67,BK Häcken,€50K,€1K,1165,Right,1,3,2,Medium/ Medium,Normal,No,CB,25,30-Jul-18,,2018,5'10,172lbs
18022,243230,M. Gudmann,18,Denmark,50,67,FC Nordsjælland,€50K,€1K,1218,Right,1,3,2,Medium/ Medium,Lean,No,CB,33,1-Mar-18,,2021,6'0,154lbs
18024,246047,A. Perea,17,Colombia,50,72,Atlético Nacional,€60K,€1K,1410,Right,1,3,2,Low/ Low,Lean,No,CM,33,14-Sep-18,,2021,6'0,161lbs
18028,242213,D. Asonganyi,17,England,50,73,Milton Keynes Dons,€70K,€1K,1322,Right,1,3,2,Medium/ Medium,Normal,No,ST,37,3-Oct-17,,2020,5'10,152lbs
18030,246310,C. Cappis,18,United States,50,64,Hobro IK,€60K,€1K,1363,Left,1,3,2,Medium/ Medium,Normal,No,CM,18,6-Nov-18,,2021,6'1,159lbs
18036,246088,S. Parada,17,Chile,50,67,San Luis de Quillota,€60K,€1K,1286,Right,1,3,2,Medium/ Medium,Normal,No,ST,16,1-Jul-18,,2019,5'7,154lbs
18038,243790,Zhen'ao Wang,18,China PR,50,62,Vejle Boldklub,€50K,€1K,1266,Right,1,3,2,Medium/ Low,Lean,No,LW,24,15-Jan-18,,2020,5'9,143lbs
18039,243280,S. Whaler,17,England,50,67,Northampton Town,€60K,€1K,1278,Right,1,2,3,Medium/ Medium,Lean,No,RM,24,14-Apr-18,,2020,5'11,154lbs
18040,246096,P. Omochere,17,Republic of Ireland,50,66,Bohemian FC,€60K,€1K,1342,Right,1,2,3,Medium/ Medium,Lean,No,RM,26,22-Sep-18,,2019,6'1,174lbs
18042,245594,J. Morris,18,England,50,68,Doncaster Rovers,€60K,€1K,1188,Right,1,2,3,Medium/ Medium,Lean,No,ST,34,2-Sep-18,,2021,5'9,154lbs
18044,246109,K. Lara,16,Colombia,50,74,Atlético Huila,€60K,€1K,1271,Right,1,3,2,Medium/ Medium,Lean,No,RB,3,6-Jul-18,,2021,5'7,143lbs
18047,242290,M. Antkowiak,18,Poland,50,58,Lincoln City,€30K,€1K,898,Right,1,3,1,Medium/ Medium,Lean,No,GK,22,1-Jul-17,,2018,6'0,179lbs
18048,236919,N. Suman,18,Australia,50,66,Western Sydney Wanderers,€50K,€1K,771,Left,1,3,1,Medium/ Medium,Lean,No,GK,40,22-May-17,,2020,6'4,170lbs
18050,245370,E. Destanoglu,17,Turkey,50,74,Be?ikta? JK,€50K,€1K,757,Right,1,1,1,Medium/ Medium,Stocky,No,GK,30,1-Jul-18,,2020,6'5,194lbs
18051,246399,C. Björk,18,Sweden,50,70,IFK Norrköping,€60K,€1K,1282,Right,1,3,2,High/ Medium,Normal,No,CF,32,1-Jan-18,,2022,6'0,163lbs
18053,244866,H. Wulff,18,Norway,50,69,Stabæk Fotball,€50K,€1K,821,Right,1,2,1,Medium/ Medium,Normal,No,GK,22,24-Nov-18,,2021,6'2,161lbs
18059,243597,C. Walsh,17,Republic of Ireland,50,70,Bray Wanderers,€50K,€1K,1122,Right,1,2,2,Low/ Medium,Normal,No,CB,25,1-Feb-17,,2018,6'1,181lbs
18061,246162,R. Hurley,18,Republic of Ireland,50,61,Cork City,€40K,€1K,1311,Left,1,2,2,Medium/ Medium,Normal,No,LB,30,5-Oct-18,,2018,5'10,143lbs
18064,243348,L. Klitten,18,Denmark,50,65,Aalborg BK,€50K,€1K,1297,Right,1,3,2,Medium/ Medium,Normal,No,LB,20,18-Apr-18,,2021,6'0,154lbs
18066,237974,T. Brownsword,18,England,50,65,Morecambe,€50K,€1K,1160,Right,1,3,2,Low/ Medium,Lean,No,CB,23,25-Feb-17,,2019,5'11,161lbs
18072,238758,D. Campbell,17,Scotland,50,76,Aberdeen,€60K,€1K,1398,Right,1,3,2,High/ Medium,Normal,No,CM,24,12-May-17,,2019,6'0,134lbs
18073,242086,M. Sutton,18,Australia,50,71,Melbourne Victory,€60K,€1K,791,Right,1,2,1,Medium/ Medium,Lean,No,GK,30,13-Jan-18,,2020,5'11,154lbs
18075,245418,C. Hughes,18,Republic of Ireland,50,62,St. Patrick's Athletic,€50K,€1K,1373,Right,1,2,2,Medium/ Medium,Lean,No,CM,27,8-Jun-18,,2018,5'8,159lbs
18076,244653,T. Kawamura,18,Japan,50,61,Sanfrecce Hiroshima,€50K,€1K,1430,Left,1,2,2,Medium/ Medium,Lean,No,CM,29,1-Jan-18,,2021,5'11,154lbs
18078,246194,B. Horton,17,England,50,67,Doncaster Rovers,€50K,€1K,1248,Left,1,2,2,Medium/ Medium,Normal,No,LB,35,13-Oct-18,,2021,5'10,165lbs
18079,243892,S. Bækgaard,18,Denmark,50,65,Esbjerg fB,€60K,€1K,1403,Right,1,2,2,Medium/ Medium,Normal,No,CM,3,15-Jun-18,,2021,5'9,146lbs
18080,245684,J. Mortensen,17,Denmark,50,71,Esbjerg fB,€60K,€1K,1276,Right,1,3,2,Medium/ Medium,Normal,No,LB,2,19-Aug-18,,2021,5'11,146lbs
18085,240828,J. Foulston,17,Wales,50,66,Newport County,€50K,€1K,1154,Left,1,2,2,Low/ High,Lean,No,CB,18,1-Jan-17,,2020,6'0,165lbs
18086,244924,J. Sheridan,18,England,50,65,Oldham Athletic,€50K,€1K,1288,Left,1,2,2,Medium/ Medium,Lean,No,LB,33,1-Jul-18,,2019,6'0,159lbs
18088,238527,R. Shibamoto,18,Japan,50,69,Gamba Osaka,€60K,€1K,1383,Right,1,2,2,Medium/ Medium,Lean,No,CM,32,16-Jul-18,,2021,5'8,130lbs
18089,245445,H. Benns,18,England,50,58,Port Vale,€40K,€1K,1263,Right,1,3,3,Medium/ Medium,Lean,No,RW,26,14-Aug-18,,2019,5'7,143lbs
18090,244425,M. Schantl,17,Austria,50,67,TSV Hartberg,€60K,€1K,1408,Right,1,2,2,Medium/ Medium,Lean,No,CM,15,1-Jun-18,,2021,6'0,148lbs
18091,243658,P. Paya,18,Sweden,50,67,GIF Sundsvall,€50K,€1K,1372,Right,1,2,2,Low/ High,Lean,No,CDM,44,26-Apr-18,,2021,5'10,130lbs
18092,243406,G. Barry,18,Republic of Ireland,50,61,Limerick FC,€50K,€1K,1394,Right,1,3,2,Medium/ Medium,Normal,No,CM,29,9-Apr-18,,2018,5'9,150lbs
18093,244943,E. Bilen,17,Turkey,50,69,Göztepe SK,€50K,€1K,783,Right,1,2,1,Medium/ Medium,Lean,No,GK,24,1-Jul-18,,2021,6'1,176lbs
18096,240339,J. Granlund,18,Norway,50,65,Sandefjord Fotball,€50K,€1K,794,Right,1,3,1,Medium/ Medium,Normal,No,GK,37,3-Aug-17,,2020,6'1,174lbs
18102,244959,J. Lynch,18,England,50,65,Crewe Alexandra,€60K,€1K,1343,Right,1,3,2,Medium/ Medium,Lean,No,CAM,26,8-May-18,,2019,5'9,141lbs
18103,246240,H. Bernat,17,Denmark,50,71,Odense Boldklub,€50K,€1K,853,Right,1,2,1,Medium/ Medium,Normal,No,GK,1,23-Oct-18,,2021,6'2,150lbs
18104,243681,V. Smedsrud,18,Denmark,50,64,SønderjyskE,€50K,€1K,828,Right,1,2,1,Medium/ Medium,Stocky,No,GK,35,15-Jun-18,,2019,6'4,194lbs
18105,244961,T. Johnson,17,England,50,66,Crewe Alexandra,€50K,€1K,1290,Right,1,3,2,High/ Medium,Lean,No,RB,23,8-May-18,,2019,5'9,141lbs
18106,243685,J. Cleary,16,Republic of Ireland,50,72,Bohemian FC,€50K,€1K,814,Right,1,2,1,Medium/ Medium,Normal,No,GK,30,11-May-18,,2018,5'10,159lbs
18107,239079,A. Osmanoski,18,FYR Macedonia,50,66,SpVgg Unterhaching,€60K,€1K,1416,Right,1,3,2,Medium/ Medium,Normal,No,CM,27,1-Jul-17,,2020,6'1,172lbs
18108,245735,J. Kelly,17,Republic of Ireland,50,66,Bray Wanderers,€50K,€1K,825,Right,1,1,1,Medium/ Medium,Normal,No,GK,50,20-Jul-18,,2018,5'10,150lbs
18109,242152,O. Ollikainen,17,Finland,50,64,HJK Helsinki,€60K,€1K,1403,Right,1,3,2,Medium/ Medium,Lean,No,CM,61,1-Jan-18,,2019,5'11,148lbs
18110,243434,G. Tegue,18,Colombia,50,68,Independiente Medellín,€50K,€1K,1146,Left,1,3,2,Medium/ Medium,Normal,No,CB,27,24-Sep-18,,2021,6'1,165lbs
18111,245741,J. Lindstrøm,18,Denmark,50,65,Brøndby IF,€60K,€2K,1346,Right,1,3,2,High/ Medium,Normal,No,CAM,35,26-Aug-18,,2021,6'0,141lbs
18115,244471,O. Olsen,17,Denmark,50,67,FC Midtjylland,€50K,€1K,1275,Right,1,3,2,Medium/ High,Lean,No,RWB,27,1-Feb-18,,2021,6'2,172lbs
18118,243725,D. Collins,17,Republic of Ireland,49,62,Sligo Rovers,€50K,€1K,1260,Right,1,3,2,Medium/ Medium,Normal,No,LM,26,25-May-18,,2018,5'8,150lbs
18121,246051,B. Buckley,17,England,49,61,Grimsby Town,€50K,€1K,1312,Right,1,3,2,High/ Medium,Lean,No,CAM,26,30-Jun-17,,2019,6'0,161lbs
18122,245542,G. Figliuzzi,17,Italy,49,69,Crotone,€50K,€1K,813,Right,1,2,1,Medium/ Medium,Normal,No,GK,12,1-Jul-18,,2021,6'0,183lbs
18124,245808,G. Hollywood,16,Republic of Ireland,49,67,Bray Wanderers,€60K,€1K,1367,Right,1,2,2,Medium/ Medium,Lean,No,CM,16,1-Feb-17,,2018,5'10,146lbs
18126,240455,B. Sass-Davies,18,Wales,49,70,Crewe Alexandra,€60K,€1K,1193,Right,1,3,2,Medium/ Medium,Normal,No,CB,25,5-Aug-17,,2019,6'1,174lbs
18127,244043,N. Stephan,17,Germany,49,67,FC Würzburger Kickers,€50K,€1K,818,Right,1,3,1,Medium/ Medium,Normal,No,GK,24,1-Jul-18,,2020,6'3,185lbs
18128,245587,J. Greatorex,18,England,49,66,Barnsley,€50K,€1K,808,Right,1,2,1,Medium/ Medium,Normal,No,GK,35,17-Mar-18,,2021,6'1,176lbs
18129,245588,J. James,18,Republic of Ireland,49,67,Luton Town,€50K,€1K,1208,Right,1,3,2,Medium/ High,Lean,No,RB,34,1-Jul-18,,2019,6'0,141lbs
18130,241276,F. Sinclair-Smith,17,England,49,67,Blackpool,€60K,€1K,1247,Right,1,3,2,Medium/ Medium,Lean,No,ST,29,11-May-18,,2019,5'7,161lbs
18131,245629,T. O'Connor,17,Republic of Ireland,49,59,Limerick FC,€40K,€1K,1177,Right,1,2,2,Medium/ Medium,Lean,No,CB,14,6-Jul-18,,2018,5'11,163lbs
18134,244874,F. Ranocchia,17,Italy,49,72,Perugia,€60K,€1K,1391,Right,1,4,2,Medium/ Medium,Lean,No,CM,49,1-Jul-17,,2021,6'0,168lbs
18135,243596,N. Morahan,18,Republic of Ireland,49,68,Sligo Rovers,€60K,€1K,1364,Right,1,3,2,Medium/ Medium,Lean,No,CM,25,2-Aug-17,,2018,5'9,146lbs
18136,237463,A. Kelsey,18,England,49,65,Scunthorpe United,€50K,€1K,772,Right,1,2,1,Medium/ Medium,Lean,No,GK,31,26-Jan-17,,2019,6'2,163lbs
18140,242591,K. Hawley,18,England,49,59,Morecambe,€40K,€1K,1175,Right,1,2,2,Medium/ Medium,Lean,No,ST,30,31-Mar-17,,2019,5'10,154lbs
18144,243135,J. Garcia Sossa,18,Bolivia,49,70,CD Huachipato,€70K,€1K,1287,Left,1,3,2,Medium/ Medium,Normal,No,CAM,32,31-Mar-18,,2019,5'7,137lbs
18145,244172,M. Harsman,18,Germany,49,65,SV Meppen,€50K,€1K,805,Right,1,3,1,Medium/ Medium,Lean,No,GK,12,1-Jul-18,,2019,6'3,176lbs
18146,244958,R. Griffiths,18,England,49,66,Crewe Alexandra,€60K,€1K,1389,Right,1,3,2,Medium/ Medium,Normal,No,LM,18,8-May-18,,2019,5'11,157lbs
18148,245222,A. Iontton,17,England,49,70,Stevenage,€60K,€1K,1358,Right,1,3,2,Medium/ Medium,Lean,No,CM,16,20-Jul-18,,2021,6'1,165lbs
18149,245223,W. Appleyard,18,England,49,65,Stevenage,€50K,€1K,829,Right,1,2,1,Medium/ Medium,Stocky,No,GK,13,1-Jan-18,,2021,6'2,174lbs
18153,246270,M. Dyrmose,17,Denmark,49,69,SønderjyskE,€50K,€1K,1235,Left,1,3,2,Medium/ Medium,Lean,No,LB,26,1-Jul-18,,2021,5'9,154lbs
18154,243204,M. Roberts,17,England,48,66,Northampton Town,€60K,€1K,1251,Left,1,2,2,Medium/ Low,Lean,No,LM,28,10-Apr-18,,2021,5'10,150lbs
18155,242696,Liu Guobo,18,China PR,48,66,Beijing Sinobo Guoan FC,€60K,€1K,1376,Right,1,3,2,Medium/ Medium,Normal,No,CM,32,3-Jan-18,,2022,6'2,165lbs
18156,245533,J. Devine,18,England,48,60,Tranmere Rovers,€50K,€1K,1332,Right,1,3,2,Medium/ Medium,Lean,No,CM,26,15-Sep-18,,2021,5'10,146lbs
18157,246600,K. Taylor,17,England,48,63,Shrewsbury,€60K,€1K,1355,Left,1,3,2,Medium/ Medium,Normal,No,CM,34,1-Feb-17,,2020,5'10,154lbs
18158,244810,T. Lawal,18,Austria,48,69,LASK Linz,€60K,€1K,844,Right,1,3,1,Medium/ Medium,Lean,No,GK,24,1-Jul-18,,2021,6'5,185lbs
18160,244817,D. Szczepaniak,18,Poland,48,63,Morecambe,€50K,€1K,784,Right,1,2,1,Medium/ Medium,Lean,No,GK,13,23-Jul-18,,2019,6'4,176lbs
18161,244631,P. Wieliczko,18,Poland,48,58,Wis?a P?ock,€40K,€1K,1354,Right,1,2,2,Medium/ Medium,Normal,No,CM,99,1-Jul-17,,2021,6'1,176lbs
18162,243866,T. Gundelund,16,Denmark,48,66,Vejle Boldklub,€50K,€1K,1244,Right,1,3,2,Medium/ Medium,Lean,No,RWB,14,11-Jun-18,,2020,5'11,154lbs
18164,243876,M. Frøkjær-Jensen,18,Denmark,48,63,Odense Boldklub,€60K,€1K,1372,Right,1,2,2,Medium/ Medium,Normal,No,CM,29,1-Jul-18,,2021,6'1,165lbs
18165,245412,H. Norris,17,England,48,66,Oldham Athletic,€50K,€1K,1116,Right,1,3,2,Medium/ Medium,Normal,No,CB,45,1-Jul-18,,2019,5'10,141lbs
18166,243621,N. Ayéva,16,Sweden,48,72,Örebro SK,€70K,€1K,1286,Right,1,3,2,Medium/ Medium,Normal,No,ST,23,18-May-18,,2020,5'10,154lbs
18169,246446,T. Pugh,17,England,48,65,Scunthorpe United,€60K,€1K,1350,Right,1,2,2,Medium/ Medium,Lean,No,CM,40,27-Nov-18,,2021,5'9,141lbs
18170,246447,Nicolas Firmino,17,Brazil,48,70,New England Revolution,€60K,€1K,1342,Right,1,3,2,High/ Low,Lean,No,CAM,32,27-Nov-18,,2021,5'11,154lbs
18172,243636,C. Hawkins,18,England,48,65,Burton Albion,€50K,€1K,778,Left,1,3,1,Medium/ Medium,Stocky,No,GK,13,9-May-18,,2019,6'2,165lbs
18174,243900,S. Adewusi,18,Nigeria,48,63,Carlisle United,€60K,€1K,1370,Right,1,3,3,Medium/ Medium,Lean,No,CM,24,1-Jul-18,,2019,6'1,161lbs
18176,246227,T. Hillman,17,Wales,48,57,Newport County,€40K,€1K,1218,Right,1,2,2,High/ Medium,Lean,No,RM,34,20-Oct-18,,2019,5'11,148lbs
18177,238550,R. Roache,18,Republic of Ireland,48,69,Blackpool,€70K,€1K,1178,Right,1,3,2,Medium/ Medium,Lean,No,ST,32,6-Dec-16,,2019,5'10,163lbs
18178,243158,L. Wahlstedt,18,Sweden,48,65,Dalkurd FF,€50K,€1K,738,Right,1,2,1,Medium/ Medium,Lean,No,GK,30,4-Apr-18,,2018,6'0,176lbs
18179,246243,J. Williams,17,England,48,64,Northampton Town,€50K,€1K,1166,Right,1,3,2,Medium/ Medium,Lean,No,CB,31,1-Jul-18,,2020,6'2,163lbs
18181,245734,C. Maher,17,Republic of Ireland,48,66,Bray Wanderers,€50K,€1K,1296,Right,1,2,2,Medium/ Medium,Lean,No,RB,32,1-Jan-17,,2018,5'11,134lbs
18182,246001,Y. Góez,18,Colombia,48,65,Atlético Nacional,€50K,€1K,1311,Right,1,3,2,Low/ Medium,Lean,No,CDM,28,8-Sep-18,,2021,5'10,165lbs
18184,241657,D. Horton,18,England,48,55,Lincoln City,€40K,€1K,1368,Right,1,3,2,Medium/ Medium,Normal,No,CM,33,4-Nov-17,,2021,6'1,179lbs
18188,240927,L. Collins,17,Wales,47,62,Newport County,€60K,€1K,1297,Right,1,3,2,Medium/ Medium,Lean,No,CM,38,1-Jul-17,,2021,5'10,148lbs
18189,240160,A. Kaltner,18,Germany,47,61,SpVgg Unterhaching,€60K,€1K,1290,Right,1,3,2,Medium/ Medium,Lean,No,ST,24,1-Jul-17,,2020,5'10,165lbs
18190,245569,L. Watkins,18,England,47,67,Cambridge United,€60K,€1K,1285,Right,1,3,2,Medium/ Medium,Normal,No,CM,32,1-Jul-18,,2021,5'9,176lbs
18191,245570,J. Norville-Williams,18,England,47,65,Cambridge United,€50K,€1K,1250,Left,1,3,2,Medium/ High,Lean,No,LB,24,1-Jul-18,,2021,5'11,168lbs
18192,245571,S. Squire,18,England,47,64,Cambridge United,€50K,€1K,1325,Right,1,3,2,Low/ Medium,Lean,No,CDM,31,1-Jan-18,,2021,6'1,165lbs
18193,244823,N. Fuentes,18,Chile,47,64,Unión Española,€50K,€1K,1191,Right,1,2,2,Medium/ Medium,Lean,No,RB,4,1-Jan-18,,2021,5'8,146lbs
18194,245862,J. Milli,18,Italy,47,65,Lecce,€50K,€1K,731,Right,1,3,1,Medium/ Medium,Normal,No,GK,32,1-Jul-18,,2021,6'3,187lbs
18195,243582,S. Griffin,18,Republic of Ireland,47,67,Waterford FC,€60K,€1K,1325,Right,1,3,2,Medium/ Medium,Normal,No,CM,23,16-Mar-18,,2018,5'8,141lbs
18197,246167,D. Holland,18,Republic of Ireland,47,61,Cork City,€60K,€1K,1362,Right,1,3,2,Medium/ Medium,Normal,No,CM,14,5-Oct-18,,2018,5'10,141lbs
18198,242844,J. Livesey,18,England,47,70,Burton Albion,€60K,€1K,792,Right,1,2,1,Medium/ Medium,Lean,No,GK,22,10-Nov-18,,2021,5'11,154lbs
18199,244677,M. Baldisimo,18,Canada,47,69,Vancouver Whitecaps FC,€70K,€1K,1303,Right,1,3,2,Medium/ High,Lean,No,CM,65,17-Jul-18,,2021,5'6,150lbs
18200,231381,J. Young,18,Scotland,47,62,Swindon Town,€60K,€1K,1203,Left,1,2,2,Medium/ Medium,Lean,No,ST,21,17-Oct-15,,2019,5'9,157lbs
18201,243413,D. Walsh,18,Republic of Ireland,47,68,Waterford FC,€60K,€1K,1098,Left,1,3,2,Medium/ Medium,Lean,No,RB,29,20-Apr-18,,2018,6'1,168lbs
18204,241638,B. Worman,16,England,47,67,Cambridge United,€60K,€1K,1189,Right,1,3,2,Medium/ Medium,Normal,No,ST,33,1-Jul-17,,2021,5'8,148lbs
18205,246268,D. Walker-Rice,17,England,47,66,Tranmere Rovers,€60K,€1K,1228,Right,1,3,2,Medium/ Medium,Lean,No,RW,34,24-Apr-18,,2019,5'10,154lbs
18206,246269,G. Nugent,16,England,46,66,Tranmere Rovers,€60K,€1K,1321,Right,1,3,2,Medium/ Medium,Lean,No,CM,33,30-Oct-18,,2019,5'10,176lbs
